# 50 scenario, 24 period solar forecast data meant to mimic ARMA model from Singh and Knueven (2019)
0.000000000000000000e+00,0.000000000000000000e+00,0.000000000000000000e+00,0.000000000000000000e+00,0.000000000000000000e+00,0.000000000000000000e+00,1.847173750978963653e+02,1.864117723859686180e+02,3.579469295790996739e+02,6.277883405607124132e+02,8.398902710641580143e+02,9.022482107075849171e+02,1.192156667739653813e+03,1.190918567502138103e+03,1.128958231580505071e+03,9.855207936164720195e+02,7.364794059248126814e+02,5.805911590264033748e+02,3.448849140415749162e+02,1.697028408735049254e+02,1.055060283045620508e+02,0.000000000000000000e+00,0.000000000000000000e+00,0.000000000000000000e+00
0.000000000000000000e+00,0.000000000000000000e+00,0.000000000000000000e+00,0.000000000000000000e+00,0.000000000000000000e+00,0.000000000000000000e+00,9.889469398229252306e+01,2.520470842733915902e+02,2.869131547068072905e+02,5.121188107076790175e+02,6.765910472970565479e+02,8.077054945501249676e+02,1.174368478414540277e+03,1.251866171931570307e+03,1.090621461463731976e+03,1.097070160939426160e+03,6.405748511792342015e+02,4.960802596467116814e+02,2.879916195312052878e+02,2.543690927454426856e+02,1.670357605338536189e+02,0.000000000000000000e+00,0.000000000000000000e+00,0.000000000000000000e+00
0.000000000000000000e+00,0.000000000000000000e+00,0.000000000000000000e+00,0.000000000000000000e+00,0.000000000000000000e+00,0.000000000000000000e+00,8.817107988165149379e+01,1.850920910600656271e+02,2.459555056749485686e+02,3.744869605151893097e+02,7.069620626955908165e+02,9.702658216464084262e+02,1.208968803531781759e+03,1.272142790927064652e+03,1.111911753643641305e+03,9.427467184656494510e+02,6.649236137511344396e+02,4.081336723778863984e+02,1.968464390952545671e+02,2.794488635978426032e+02,4.829510343473731382e+01,0.000000000000000000e+00,0.000000000000000000e+00,0.000000000000000000e+00
0.000000000000000000e+00,0.000000000000000000e+00,0.000000000000000000e+00,0.000000000000000000e+00,0.000000000000000000e+00,0.000000000000000000e+00,5.258977624316533195e+01,8.723461828093964243e+01,3.458720718826699567e+02,3.965008777551478261e+02,7.150723748423218922e+02,9.071568898285490832e+02,1.158365512559674244e+03,1.169351691745867583e+03,1.064313431640773842e+03,9.591939497998503157e+02,7.535367038869850376e+02,4.973257819516149993e+02,3.173709643971421883e+02,1.243430142630774071e+02,5.710976438060823313e+01,0.000000000000000000e+00,0.000000000000000000e+00,0.000000000000000000e+00
0.000000000000000000e+00,0.000000000000000000e+00,0.000000000000000000e+00,0.000000000000000000e+00,0.000000000000000000e+00,0.000000000000000000e+00,3.852660747327945501e+01,1.408291501915027197e+02,2.504338736100880851e+02,3.897577924687242898e+02,7.384823601903851795e+02,9.367780273276739536e+02,1.037339461870155901e+03,1.227766935331546392e+03,1.080713460825124002e+03,9.640016072479379545e+02,7.715822253858121940e+02,5.010737232540695345e+02,3.675866916053533942e+02,8.831279066271605416e+01,1.030147328104894626e+02,0.000000000000000000e+00,0.000000000000000000e+00,0.000000000000000000e+00
0.000000000000000000e+00,0.000000000000000000e+00,0.000000000000000000e+00,0.000000000000000000e+00,0.000000000000000000e+00,0.000000000000000000e+00,3.778562888341772918e+01,1.101545109330223084e+02,2.644916706468903840e+02,4.746415966809825591e+02,7.312067121889447208e+02,8.909758930531681926e+02,1.189200951905369720e+03,1.227939746383827696e+03,1.042976741511485216e+03,1.050180015127905563e+03,8.415901422169949910e+02,5.640615228782039594e+02,2.884271603840142575e+02,9.815718259330266449e+01,1.421413379557047278e+02,0.000000000000000000e+00,0.000000000000000000e+00,0.000000000000000000e+00
0.000000000000000000e+00,0.000000000000000000e+00,0.000000000000000000e+00,0.000000000000000000e+00,0.000000000000000000e+00,0.000000000000000000e+00,5.468361752144573984e+01,2.357490441068808593e+02,3.117191492173669189e+02,5.519330907976476510e+02,7.492187754856241781e+02,1.003279273591686547e+03,1.135781363931367650e+03,1.307152229634350078e+03,1.142766088250335770e+03,9.850042453068517716e+02,8.408258334785352872e+02,4.124692049400781571e+02,2.229935506236113270e+02,2.205661423734158859e+02,8.486830032986929950e+00,0.000000000000000000e+00,0.000000000000000000e+00,0.000000000000000000e+00
0.000000000000000000e+00,0.000000000000000000e+00,0.000000000000000000e+00,0.000000000000000000e+00,0.000000000000000000e+00,0.000000000000000000e+00,1.954915054787940676e+02,1.375852010383503625e+02,2.543753618463098576e+02,6.087112701974480160e+02,8.166676791412254488e+02,1.072938421125763853e+03,1.189514042184641539e+03,1.148326458896717895e+03,1.249755259874060584e+03,9.448046812430867476e+02,7.759841754029437197e+02,5.501698666750497750e+02,2.899220449473052668e+02,1.992471021047000477e+02,1.342066346338281164e+02,0.000000000000000000e+00,0.000000000000000000e+00,0.000000000000000000e+00
0.000000000000000000e+00,0.000000000000000000e+00,0.000000000000000000e+00,0.000000000000000000e+00,0.000000000000000000e+00,0.000000000000000000e+00,1.014597662091742905e+02,9.643829244888354424e+01,3.171169409851186742e+02,5.729179024098467607e+02,6.861627200712780450e+02,9.519068110805093283e+02,1.109042149584820208e+03,1.310955823708760590e+03,1.175489048108864608e+03,9.853325936746362004e+02,6.816418271884410842e+02,5.256897000861339393e+02,2.587626908933127652e+02,1.643121733803962741e+02,4.072346963710366197e+01,0.000000000000000000e+00,0.000000000000000000e+00,0.000000000000000000e+00
0.000000000000000000e+00,0.000000000000000000e+00,0.000000000000000000e+00,0.000000000000000000e+00,0.000000000000000000e+00,0.000000000000000000e+00,1.194602320366265076e+02,1.969977888808316777e+02,2.867247251980756459e+02,5.170951513683236271e+02,6.622531011313296858e+02,8.714094279378332430e+02,1.161514864763990772e+03,1.210000409722351833e+03,1.173253248901644838e+03,1.103873569992006196e+03,7.845055608745848303e+02,4.385654150819754022e+02,3.662436278185065248e+02,8.344789525324394219e+01,5.117915805095397985e+01,0.000000000000000000e+00,0.000000000000000000e+00,0.000000000000000000e+00
0.000000000000000000e+00,0.000000000000000000e+00,0.000000000000000000e+00,0.000000000000000000e+00,0.000000000000000000e+00,0.000000000000000000e+00,7.477973802035864992e+01,2.652029031828972165e+02,2.545373612098489389e+02,4.437484362890840544e+02,7.219296401896341422e+02,9.210761863184432059e+02,1.202749518014509022e+03,1.135204109498194612e+03,1.066303243543452481e+03,9.346156808155035378e+02,6.979548446136217308e+02,6.091066718376440576e+02,3.561878989483009832e+02,1.676554143670466601e+02,5.348103210026437182e+00,0.000000000000000000e+00,0.000000000000000000e+00,0.000000000000000000e+00
0.000000000000000000e+00,0.000000000000000000e+00,0.000000000000000000e+00,0.000000000000000000e+00,0.000000000000000000e+00,0.000000000000000000e+00,1.295360129239293485e+02,1.023894190405613358e+02,2.065363847260986176e+02,5.646165361497630784e+02,7.468533483706510196e+02,1.016136412927018796e+03,1.154275021864699738e+03,1.251409836714161429e+03,1.096089827090109793e+03,8.988303129931017565e+02,7.687324627520576996e+02,4.451301687581944861e+02,2.578496638677432884e+02,1.350703896728946347e+02,7.992298388133991693e+01,0.000000000000000000e+00,0.000000000000000000e+00,0.000000000000000000e+00
0.000000000000000000e+00,0.000000000000000000e+00,0.000000000000000000e+00,0.000000000000000000e+00,0.000000000000000000e+00,0.000000000000000000e+00,5.763459966462748696e+01,7.990526227885408161e+01,2.606055463627818654e+02,3.599305594751593276e+02,7.653506787167913217e+02,8.647614241637647865e+02,1.068888362322411467e+03,1.203129904755658572e+03,1.090777582904639758e+03,1.053465759224573731e+03,6.502653770717531643e+02,5.093578007695758743e+02,2.968656814391055718e+02,9.231673001946336399e+01,1.102708339717417374e+02,0.000000000000000000e+00,0.000000000000000000e+00,0.000000000000000000e+00
0.000000000000000000e+00,0.000000000000000000e+00,0.000000000000000000e+00,0.000000000000000000e+00,0.000000000000000000e+00,0.000000000000000000e+00,6.858145446650163990e+01,2.087097729567552449e+02,3.486328997705792290e+02,6.231289055654663116e+02,8.080284686213435634e+02,9.387339732236230248e+02,1.120788612033562913e+03,1.265979575753226754e+03,1.174467186531474454e+03,9.992927750660251149e+02,6.308194289965099415e+02,4.918751811446887814e+02,2.549407959804140091e+02,1.791978158265295065e+02,7.298521096125904251e+01,0.000000000000000000e+00,0.000000000000000000e+00,0.000000000000000000e+00
0.000000000000000000e+00,0.000000000000000000e+00,0.000000000000000000e+00,0.000000000000000000e+00,0.000000000000000000e+00,0.000000000000000000e+00,1.334849688253920306e+02,1.814354327954133339e+02,3.464023282592938813e+02,4.653496028044683612e+02,6.711700163000649582e+02,9.362819019080167209e+02,1.134130137856432157e+03,1.222749104133304854e+03,1.270709899729569770e+03,9.583494544005310445e+02,6.704800916255934453e+02,4.725758420666617212e+02,2.714068920539896794e+02,1.912912283103429445e+02,0.000000000000000000e+00,0.000000000000000000e+00,0.000000000000000000e+00,0.000000000000000000e+00
0.000000000000000000e+00,0.000000000000000000e+00,0.000000000000000000e+00,0.000000000000000000e+00,0.000000000000000000e+00,0.000000000000000000e+00,8.266995399185641702e+01,1.717927321618577423e+02,3.131535127047718561e+02,4.574957844707031427e+02,7.135614878709995992e+02,8.754412289612176892e+02,1.105552169686386833e+03,1.167428311438996843e+03,1.160114365463804006e+03,8.915139375908548800e+02,7.747086777577596877e+02,5.830038212781070115e+02,1.750235490319433893e+02,1.879778637306212659e+02,1.194887164416512491e+02,0.000000000000000000e+00,0.000000000000000000e+00,0.000000000000000000e+00
0.000000000000000000e+00,0.000000000000000000e+00,0.000000000000000000e+00,0.000000000000000000e+00,0.000000000000000000e+00,0.000000000000000000e+00,4.062801280670277748e+01,1.385660310242073479e+02,2.912498158775379693e+02,4.754672958445212316e+02,7.092960135123327063e+02,8.603246551203710624e+02,1.204291256575105763e+03,1.264777115522209215e+03,1.086349507135866361e+03,8.728994238320187833e+02,7.591006842423255421e+02,4.587874704198409290e+02,3.077398403320021316e+02,1.432426348552295110e+02,1.203665594040477060e+02,0.000000000000000000e+00,0.000000000000000000e+00,0.000000000000000000e+00
0.000000000000000000e+00,0.000000000000000000e+00,0.000000000000000000e+00,0.000000000000000000e+00,0.000000000000000000e+00,0.000000000000000000e+00,1.205591829591968747e+02,1.188664971761201627e+02,2.162208132090519825e+02,3.983584447685200303e+02,7.644595544015922997e+02,8.895533280331278547e+02,1.104742381430197383e+03,1.164221157692969427e+03,1.131997324911945725e+03,8.447080951493792327e+02,7.391635074627897666e+02,5.247682100386772390e+02,3.045279757554350226e+02,1.437491695820269229e+02,8.471824431596351701e+01,0.000000000000000000e+00,0.000000000000000000e+00,0.000000000000000000e+00
0.000000000000000000e+00,0.000000000000000000e+00,0.000000000000000000e+00,0.000000000000000000e+00,0.000000000000000000e+00,0.000000000000000000e+00,1.028170150782443386e+02,0.000000000000000000e+00,4.165773890277969826e+02,5.167403479699005402e+02,6.886922767119388027e+02,9.374276809889136075e+02,1.164775869329069792e+03,1.193033763657937925e+03,1.013310294621228877e+03,1.084754455181728872e+03,7.212043522212117068e+02,5.545451113115728958e+02,2.576996596656918541e+02,2.545849631386830652e+02,9.605485567337329655e+01,0.000000000000000000e+00,0.000000000000000000e+00,0.000000000000000000e+00
0.000000000000000000e+00,0.000000000000000000e+00,0.000000000000000000e+00,0.000000000000000000e+00,0.000000000000000000e+00,0.000000000000000000e+00,1.154048644083635651e+02,9.968713791511792977e+01,3.718913679137173744e+02,5.347238384807121747e+02,8.059475654290599778e+02,9.231996299216748412e+02,1.106289735580471188e+03,1.338235001861036380e+03,1.071550413324825740e+03,9.527279014594703312e+02,7.960502734113217684e+02,4.991982466715162445e+02,3.341998713179529545e+02,1.384353981281627171e+02,1.010775876106876439e+02,0.000000000000000000e+00,0.000000000000000000e+00,0.000000000000000000e+00
0.000000000000000000e+00,0.000000000000000000e+00,0.000000000000000000e+00,0.000000000000000000e+00,0.000000000000000000e+00,0.000000000000000000e+00,4.826232357175257448e-01,2.618901806610264771e+02,2.921328078250411409e+02,4.525240563688138877e+02,7.678197765770748902e+02,9.332416962568564713e+02,1.055095854403953354e+03,1.119196949652146714e+03,1.176777751849526567e+03,9.513104772113936178e+02,7.198146980750536841e+02,5.579993769672006465e+02,2.316131020073507045e+02,1.185616747120457148e+02,5.578144578895999217e+01,0.000000000000000000e+00,0.000000000000000000e+00,0.000000000000000000e+00
0.000000000000000000e+00,0.000000000000000000e+00,0.000000000000000000e+00,0.000000000000000000e+00,0.000000000000000000e+00,0.000000000000000000e+00,8.453532969886096282e+01,1.598720528065004771e+02,2.820094189893608814e+02,4.896371644828860781e+02,7.213984750776895680e+02,9.177086201870620243e+02,1.086371783374873985e+03,1.216470981463436374e+03,1.081696457708386788e+03,8.914435679487183961e+02,7.090992565876184699e+02,4.838747276387959459e+02,4.346260603706479060e+02,1.201203233325611848e+02,1.354698778380061981e+02,0.000000000000000000e+00,0.000000000000000000e+00,0.000000000000000000e+00
0.000000000000000000e+00,0.000000000000000000e+00,0.000000000000000000e+00,0.000000000000000000e+00,0.000000000000000000e+00,0.000000000000000000e+00,1.237055343921144299e+02,9.106564257171105226e+01,3.456178291769113002e+02,4.223019101970258475e+02,5.682864573753555533e+02,9.972640549617324268e+02,1.029797927681855299e+03,1.227056067708354931e+03,1.094110708823885489e+03,1.060457931271561847e+03,7.919473556141206245e+02,4.661316003775416448e+02,2.579523938710343600e+02,8.955769569828797216e+01,5.241887640228103606e+01,0.000000000000000000e+00,0.000000000000000000e+00,0.000000000000000000e+00
0.000000000000000000e+00,0.000000000000000000e+00,0.000000000000000000e+00,0.000000000000000000e+00,0.000000000000000000e+00,0.000000000000000000e+00,6.205290462876597246e+01,1.405207272204340825e+02,3.086248818490971644e+02,5.280460384723576226e+02,7.488160590747504557e+02,9.150362480657830702e+02,1.048883874260023731e+03,1.281871910886148271e+03,1.093784411615122281e+03,9.217472675040685317e+02,6.965654329170934034e+02,3.827505755992260106e+02,2.705442102903261343e+02,1.336229910434583417e+02,1.160957322404472620e+02,0.000000000000000000e+00,0.000000000000000000e+00,0.000000000000000000e+00
0.000000000000000000e+00,0.000000000000000000e+00,0.000000000000000000e+00,0.000000000000000000e+00,0.000000000000000000e+00,0.000000000000000000e+00,1.207816632862766824e+02,1.626285932291113738e+02,3.551335529796135688e+02,5.137326476367006762e+02,7.268958649590067580e+02,9.705405735980630197e+02,1.123712153073234504e+03,1.176309029157992882e+03,1.119087350474480445e+03,8.932042036119692057e+02,7.446632939741377868e+02,4.337473319528500610e+02,3.497205263771734849e+02,1.474348250742782795e+02,8.184393323884197002e+01,0.000000000000000000e+00,0.000000000000000000e+00,0.000000000000000000e+00
0.000000000000000000e+00,0.000000000000000000e+00,0.000000000000000000e+00,0.000000000000000000e+00,0.000000000000000000e+00,0.000000000000000000e+00,1.085044409166939090e+02,2.010012077877108823e+02,2.049852460147481565e+02,4.809205280387866424e+02,7.806475263800069797e+02,8.589985343342343640e+02,1.158388191211822232e+03,1.064666146235868609e+03,1.073800952069982259e+03,9.632027166105808647e+02,6.284338855158428032e+02,4.342041043475758784e+02,2.109125500849401078e+02,2.612904358163888219e+02,8.872789966907654957e+01,0.000000000000000000e+00,0.000000000000000000e+00,0.000000000000000000e+00
0.000000000000000000e+00,0.000000000000000000e+00,0.000000000000000000e+00,0.000000000000000000e+00,0.000000000000000000e+00,0.000000000000000000e+00,1.129116510109966782e+02,1.490418338530259348e+02,2.780167456073234007e+02,3.963462972895629832e+02,7.103265498902882200e+02,9.151953507914722650e+02,1.186626798145658768e+03,1.268466111999454370e+03,1.223146085622569217e+03,1.012037999867843496e+03,6.919175554397808128e+02,4.263809294510012364e+02,3.452224414314604815e+02,1.837799089322725479e+02,0.000000000000000000e+00,0.000000000000000000e+00,0.000000000000000000e+00,0.000000000000000000e+00
0.000000000000000000e+00,0.000000000000000000e+00,0.000000000000000000e+00,0.000000000000000000e+00,0.000000000000000000e+00,0.000000000000000000e+00,1.002031419044626546e+02,2.112735292332071992e+02,3.027581858836531410e+02,4.822315283480644439e+02,6.793778823981787127e+02,8.740928015263663156e+02,1.183169239648520261e+03,1.181453133313697435e+03,1.121143362995497000e+03,1.064848154715317605e+03,7.689068580667114929e+02,5.155842486854910476e+02,3.077463588439894693e+02,2.536020315298815717e+02,1.820495927848081976e+02,0.000000000000000000e+00,0.000000000000000000e+00,0.000000000000000000e+00
0.000000000000000000e+00,0.000000000000000000e+00,0.000000000000000000e+00,0.000000000000000000e+00,0.000000000000000000e+00,0.000000000000000000e+00,1.346445410286082165e+02,1.973358153678106532e+02,1.735464662603866373e+02,5.007580634626353344e+02,7.200303744035377349e+02,9.665220772633037996e+02,1.191734127927469672e+03,1.035619369968626643e+03,1.100992639479907439e+03,9.770791447966153100e+02,6.998260588919943075e+02,4.083203818210493523e+02,3.513604597465630377e+02,1.790146542347029026e+02,2.060796011316744369e+01,0.000000000000000000e+00,0.000000000000000000e+00,0.000000000000000000e+00
0.000000000000000000e+00,0.000000000000000000e+00,0.000000000000000000e+00,0.000000000000000000e+00,0.000000000000000000e+00,0.000000000000000000e+00,9.776326661078594782e+01,2.116974826069229607e+02,2.995402093107169890e+02,5.413686368144847165e+02,7.325324021648597181e+02,9.371711445409083581e+02,1.065586131704123773e+03,1.194844153981703130e+03,1.146808938970864801e+03,1.013434849195409470e+03,7.209303435459264620e+02,5.207796849818843157e+02,2.413459297087316031e+02,1.154445905342837051e+02,7.225087639822325514e+01,0.000000000000000000e+00,0.000000000000000000e+00,0.000000000000000000e+00
0.000000000000000000e+00,0.000000000000000000e+00,0.000000000000000000e+00,0.000000000000000000e+00,0.000000000000000000e+00,0.000000000000000000e+00,1.559652650073568481e+01,2.116172101234161005e+02,3.270104702918717408e+02,5.100804944721721199e+02,7.481710391681167494e+02,1.082147497189257365e+03,1.107019511410110681e+03,1.067913522869966528e+03,1.147109374501906359e+03,9.578486710424696184e+02,6.967856491045358780e+02,4.346049570470987078e+02,2.728712792246264485e+02,1.732826456370044923e+02,4.870523230128422654e+01,0.000000000000000000e+00,0.000000000000000000e+00,0.000000000000000000e+00
0.000000000000000000e+00,0.000000000000000000e+00,0.000000000000000000e+00,0.000000000000000000e+00,0.000000000000000000e+00,0.000000000000000000e+00,2.236214551124614331e+02,1.047720769859463417e+02,2.516356087702950219e+02,3.560175462077531847e+02,7.429258565564522314e+02,8.399004858321840175e+02,1.102784084685648395e+03,1.183459767926366567e+03,1.092567684737305171e+03,1.065217244147440397e+03,7.875004551340899752e+02,5.724829611867194217e+02,2.462775214197602054e+02,2.301179837548093019e+02,1.086342911204742450e+02,0.000000000000000000e+00,0.000000000000000000e+00,0.000000000000000000e+00
0.000000000000000000e+00,0.000000000000000000e+00,0.000000000000000000e+00,0.000000000000000000e+00,0.000000000000000000e+00,0.000000000000000000e+00,1.251585912604472526e+02,2.241686696109012473e+02,2.446968557752121285e+02,4.678756913499508414e+02,7.795925523348671504e+02,8.015477379216736153e+02,1.225951047642510730e+03,1.233187923852455015e+03,1.132409125048504393e+03,9.741153428456000256e+02,6.660406746566213769e+02,4.723381467332786201e+02,3.652397108259777383e+02,2.402836582235084961e+02,2.406476774936513152e+02,0.000000000000000000e+00,0.000000000000000000e+00,0.000000000000000000e+00
0.000000000000000000e+00,0.000000000000000000e+00,0.000000000000000000e+00,0.000000000000000000e+00,0.000000000000000000e+00,0.000000000000000000e+00,7.443875436301161130e+01,1.228891618756349828e+02,2.683686125763559858e+02,4.322522360913830539e+02,7.231655062987090332e+02,9.838488293009056633e+02,1.133096825856201349e+03,1.265780810739947810e+03,1.121098414607446330e+03,9.400378443502557957e+02,6.929606830435404845e+02,3.953766770345552004e+02,2.051565870742480797e+02,9.165286404567393674e+01,1.569599186397221615e+02,0.000000000000000000e+00,0.000000000000000000e+00,0.000000000000000000e+00
0.000000000000000000e+00,0.000000000000000000e+00,0.000000000000000000e+00,0.000000000000000000e+00,0.000000000000000000e+00,0.000000000000000000e+00,1.325898507132323232e+02,2.449001838675146132e+02,2.192899512570852210e+02,3.752172672214637146e+02,6.882334124471150290e+02,9.714340206979312597e+02,1.165072779182708246e+03,1.262878329358083192e+03,1.152208142936551440e+03,1.065445010339507462e+03,7.144804507982607902e+02,4.385499955261171294e+02,1.983495576030892948e+02,1.090640583982082177e+02,9.340131199894389624e+01,0.000000000000000000e+00,0.000000000000000000e+00,0.000000000000000000e+00
0.000000000000000000e+00,0.000000000000000000e+00,0.000000000000000000e+00,0.000000000000000000e+00,0.000000000000000000e+00,0.000000000000000000e+00,2.555101889861867193e+01,2.186068876960506486e+02,3.839623128950019009e+02,3.511595342950287204e+02,7.796799296850189194e+02,8.265086399804654320e+02,1.159241305993535661e+03,1.273492233851619631e+03,1.139042729068733024e+03,8.841035331079152684e+02,6.927109193984936155e+02,4.776360218659708607e+02,2.882879635053587322e+02,1.502285294379351797e+02,7.228126758127768881e+01,0.000000000000000000e+00,0.000000000000000000e+00,0.000000000000000000e+00
0.000000000000000000e+00,0.000000000000000000e+00,0.000000000000000000e+00,0.000000000000000000e+00,0.000000000000000000e+00,0.000000000000000000e+00,9.168303727444664730e+01,8.988792065994194047e+01,2.847014607405421316e+02,5.844304188299672660e+02,7.047580662666089211e+02,9.342547179108577211e+02,1.199843200910972882e+03,1.046448920019354318e+03,1.206034078765415643e+03,9.229706580198595702e+02,7.376725060023152309e+02,4.991140299638967122e+02,3.557707376859789292e+02,1.463466551098143498e+02,3.819268744596949716e+01,0.000000000000000000e+00,0.000000000000000000e+00,0.000000000000000000e+00
0.000000000000000000e+00,0.000000000000000000e+00,0.000000000000000000e+00,0.000000000000000000e+00,0.000000000000000000e+00,0.000000000000000000e+00,1.567449817789024564e+02,2.055191085546439922e+01,3.004427014350699210e+02,4.124592232508776988e+02,6.821423883597665281e+02,1.081560284387957836e+03,1.132475637100767017e+03,1.211704181829082927e+03,1.028257591345783112e+03,9.171422039724878914e+02,7.396302356988870770e+02,5.146202101954180534e+02,3.362358437963520714e+02,1.629200138189897871e+02,1.104944868471160930e+02,0.000000000000000000e+00,0.000000000000000000e+00,0.000000000000000000e+00
0.000000000000000000e+00,0.000000000000000000e+00,0.000000000000000000e+00,0.000000000000000000e+00,0.000000000000000000e+00,0.000000000000000000e+00,1.061011490979775544e+02,5.261791522366333140e+01,3.014429938473642778e+02,5.394088930725871478e+02,7.632295808992312232e+02,9.390533549019222619e+02,1.086813772235756460e+03,1.132901284540702136e+03,1.127288121995633674e+03,1.028869676273752930e+03,6.107285455662638469e+02,4.537412448248550163e+02,2.308345032071488845e+02,2.094997911583652126e+02,4.561565674555846783e+01,0.000000000000000000e+00,0.000000000000000000e+00,0.000000000000000000e+00
0.000000000000000000e+00,0.000000000000000000e+00,0.000000000000000000e+00,0.000000000000000000e+00,0.000000000000000000e+00,0.000000000000000000e+00,5.063597485054903302e+01,1.493853656877362823e+02,3.259462455864431831e+02,4.697914087196467108e+02,5.450682083671644023e+02,9.934835969834208527e+02,1.161493940148440970e+03,1.186827538300127117e+03,1.070109165447802525e+03,9.819916901410510945e+02,7.505909236672952147e+02,4.651327756465724406e+02,2.862187622982229982e+02,1.065929497324759438e+02,6.815888881459676440e+01,0.000000000000000000e+00,0.000000000000000000e+00,0.000000000000000000e+00
0.000000000000000000e+00,0.000000000000000000e+00,0.000000000000000000e+00,0.000000000000000000e+00,0.000000000000000000e+00,0.000000000000000000e+00,0.000000000000000000e+00,1.874414691458453319e+02,2.425605410832976929e+02,5.076209374785636328e+02,6.434790166790860440e+02,9.254814247479972664e+02,1.128521998384162771e+03,1.100358011287844192e+03,1.142060235076524123e+03,9.381360297273743072e+02,6.232954197866062032e+02,4.151401833618859882e+02,3.355298555776853391e+02,2.161356990170146446e+02,7.095971595303849710e+01,0.000000000000000000e+00,0.000000000000000000e+00,0.000000000000000000e+00
0.000000000000000000e+00,0.000000000000000000e+00,0.000000000000000000e+00,0.000000000000000000e+00,0.000000000000000000e+00,0.000000000000000000e+00,1.031599430622663647e+02,1.758329536827098423e+02,3.190000294604196256e+02,5.704937890334424537e+02,6.374168877623037588e+02,1.001472527441866987e+03,1.112230825353449291e+03,1.186544463944901509e+03,1.117016378860814257e+03,9.383760565004926093e+02,6.542650201481789054e+02,5.043351005640810172e+02,3.994792325000867663e+02,1.590343586570097898e+02,7.879113177573077564e+01,0.000000000000000000e+00,0.000000000000000000e+00,0.000000000000000000e+00
0.000000000000000000e+00,0.000000000000000000e+00,0.000000000000000000e+00,0.000000000000000000e+00,0.000000000000000000e+00,0.000000000000000000e+00,3.763629211043670608e+01,1.553538670988485251e+02,3.271926360947971943e+02,4.711202021663643222e+02,7.006085491920399591e+02,9.850807559099644095e+02,1.080071076498975799e+03,1.215149797624612347e+03,1.184370670523803938e+03,1.042481796000938630e+03,7.224138712185432496e+02,5.753905829970277637e+02,3.612872437216464050e+02,1.026295814616712505e+02,5.797923644247461539e+00,0.000000000000000000e+00,0.000000000000000000e+00,0.000000000000000000e+00
0.000000000000000000e+00,0.000000000000000000e+00,0.000000000000000000e+00,0.000000000000000000e+00,0.000000000000000000e+00,0.000000000000000000e+00,6.057641606857129091e+01,2.241384694396264763e+02,2.948854300791550145e+02,4.572952951491575959e+02,8.209713824580736627e+02,9.780991527803704457e+02,9.959157061406740468e+02,1.219029637577561289e+03,1.166353799562370568e+03,9.744214027684358825e+02,7.548195176690795734e+02,4.892982120732460203e+02,2.201188983540712911e+02,1.401600996907079946e+02,2.213728660645903545e+01,0.000000000000000000e+00,0.000000000000000000e+00,0.000000000000000000e+00
0.000000000000000000e+00,0.000000000000000000e+00,0.000000000000000000e+00,0.000000000000000000e+00,0.000000000000000000e+00,0.000000000000000000e+00,2.290977969217384924e+01,8.661823893779869366e+01,3.263719960911341218e+02,4.992085173333825310e+02,7.009468698943175013e+02,9.219246078363463539e+02,1.133745976386831444e+03,1.264751683686749402e+03,1.014898419758183650e+03,9.834974747512231943e+02,6.950940732140931004e+02,3.802595979098580301e+02,1.824804655429177842e+02,1.076353302358177046e+02,9.204480768741923669e+01,0.000000000000000000e+00,0.000000000000000000e+00,0.000000000000000000e+00
0.000000000000000000e+00,0.000000000000000000e+00,0.000000000000000000e+00,0.000000000000000000e+00,0.000000000000000000e+00,0.000000000000000000e+00,1.024580103786420153e+02,1.060634455232681006e+02,3.602439100175499789e+02,5.787137583995912564e+02,7.516019867525536711e+02,9.254007234316829908e+02,1.202616513758740666e+03,1.245323741739800198e+03,1.187195807369413615e+03,9.214970630018776774e+02,5.577635213386779469e+02,6.203422098976454890e+02,2.025699463257593038e+02,1.602562555723219475e+02,2.217189554130215470e+02,0.000000000000000000e+00,0.000000000000000000e+00,0.000000000000000000e+00
0.000000000000000000e+00,0.000000000000000000e+00,0.000000000000000000e+00,0.000000000000000000e+00,0.000000000000000000e+00,0.000000000000000000e+00,9.870883971629896791e+01,2.193571282974293695e+02,2.090788563698525593e+02,3.866747313246025328e+02,6.958746241363867284e+02,1.026329867566239727e+03,1.114376395829280000e+03,1.152321820735710162e+03,1.147029400084816643e+03,1.025800996608805463e+03,6.411403797107577702e+02,4.207021689612238333e+02,2.519024952621933551e+02,2.280806423666606975e+02,9.296352589676043010e+01,0.000000000000000000e+00,0.000000000000000000e+00,0.000000000000000000e+00
0.000000000000000000e+00,0.000000000000000000e+00,0.000000000000000000e+00,0.000000000000000000e+00,0.000000000000000000e+00,0.000000000000000000e+00,2.068034389740631411e+02,2.185890834338021591e+02,2.971169399205750778e+02,5.692394188939508695e+02,7.405266124190727623e+02,9.185896023497228953e+02,1.175949853342824554e+03,1.158220400768335139e+03,1.117727536639886466e+03,1.040551845257648665e+03,7.217599024821161038e+02,4.451462653681272172e+02,2.713623890466258217e+02,2.237097750192556020e+02,4.572179393483276755e+01,0.000000000000000000e+00,0.000000000000000000e+00,0.000000000000000000e+00
0.000000000000000000e+00,0.000000000000000000e+00,0.000000000000000000e+00,0.000000000000000000e+00,0.000000000000000000e+00,0.000000000000000000e+00,5.566198352879772671e+01,1.317847755059175086e+02,3.102581801931739278e+02,4.702053629860884030e+02,6.317266287168077952e+02,9.076540269894671837e+02,1.079184020197732252e+03,1.274599163067309291e+03,1.183911805214661172e+03,9.961204462641592272e+02,6.975152926192954510e+02,4.443872560889866463e+02,2.687715944333139078e+02,9.928953373083477629e+01,2.287062578350569311e+02,0.000000000000000000e+00,0.000000000000000000e+00,0.000000000000000000e+00
0.000000000000000000e+00,0.000000000000000000e+00,0.000000000000000000e+00,0.000000000000000000e+00,0.000000000000000000e+00,0.000000000000000000e+00,0.000000000000000000e+00,1.962428519883637534e+02,2.221495126532036863e+02,4.870741391189433784e+02,6.685566751055359873e+02,8.902271457512117649e+02,1.066739584632020751e+03,1.305299169224523439e+03,1.127172057349542911e+03,9.149427518314844292e+02,7.611840095001324471e+02,4.939557074826028611e+02,3.424246760932545044e+02,5.294694052766541859e+01,9.709046860755660191e+01,0.000000000000000000e+00,0.000000000000000000e+00,0.000000000000000000e+00
