,actuals_n_0,actuals_n_1,actuals_n_2,actuals_n_3,actuals_n_4,actuals_n_5,actuals_n_6,actuals_n_7,actuals_n_8,actuals_n_9,actuals_n_10,actuals_n_11,actuals_n_12,actuals_n_13,actuals_n_14,actuals_n_15,actuals_n_16,actuals_n_17,actuals_n_18,actuals_n_19,actuals_n_20,actuals_n_21,actuals_n_22,actuals_n_23,actuals_n_24,actuals_n_25,actuals_n_26,actuals_n_27,actuals_n_28,actuals_n_29,actuals_n_30,actuals_n_31,actuals_n_32,actuals_n_33,actuals_n_34,actuals_n_35,actuals_n_36,actuals_n_37,actuals_n_38,actuals_n_39,actuals_n_40,actuals_n_41,actuals_n_42,actuals_n_43,actuals_n_44,actuals_n_45,actuals_n_46,actuals_n_47,actuals_n_48,actuals_n_49,actuals_n_50,actuals_n_51,actuals_n_52,actuals_n_53,actuals_n_54,actuals_n_55,actuals_n_56,actuals_n_57,actuals_n_58,actuals_n_59,actuals_n_60,actuals_n_61,actuals_n_62,actuals_n_63,actuals_n_64,actuals_n_65,actuals_n_66,actuals_n_67,actuals_n_68,actuals_n_69,actuals_n_70,actuals_n_71,actuals_n_72,actuals_n_73,actuals_n_74,actuals_n_75,actuals_n_76,actuals_n_77,actuals_n_78,actuals_n_79,actuals_n_80,actuals_n_81,actuals_n_82,actuals_n_83,actuals_n_84,actuals_n_85,actuals_n_86,actuals_n_87,actuals_n_88,actuals_n_89,actuals_n_90,actuals_n_91,actuals_n_92,actuals_n_93,actuals_n_94,actuals_n_95,actuals_n_96,actuals_n_97,actuals_n_98,actuals_n_99,actuals_n_100,actuals_n_101,actuals_n_102,actuals_n_103,actuals_n_104,actuals_n_105,actuals_n_106,actuals_n_107,actuals_n_108,actuals_n_109,actuals_n_110,actuals_n_111,actuals_n_112,actuals_n_113,actuals_n_114,actuals_n_115,actuals_n_116,actuals_n_117,actuals_n_118,actuals_n_119,actuals_n_120,actuals_n_121,actuals_n_122,actuals_n_123,actuals_n_124,actuals_n_125,actuals_n_126,actuals_n_127,actuals_n_128,actuals_n_129,actuals_n_130,actuals_n_131,actuals_n_132,actuals_n_133,actuals_n_134,actuals_n_135,actuals_n_136,actuals_n_137,actuals_n_138,actuals_n_139,actuals_n_140,actuals_n_141,actuals_n_142,actuals_n_143,actuals_n_144,actuals_n_145,actuals_n_146,actuals_n_147,actuals_n_148,actuals_n_149,actuals_n_150,actuals_n_151,actuals_n_152,actuals_n_153,actuals_n_154,actuals_n_155,actuals_n_156,actuals_n_157,actuals_n_158,actuals_n_159,actuals_n_160,actuals_n_161,actuals_n_162,actuals_n_163,actuals_n_164,actuals_n_165,actuals_n_166,actuals_n_167,actuals_n_168,actuals_n_169,actuals_n_170,actuals_n_171,actuals_n_172,actuals_n_173,actuals_n_174,actuals_n_175,actuals_n_176,actuals_n_177,actuals_n_178,actuals_n_179,actuals_n_180,actuals_n_181,actuals_n_182,actuals_n_183,actuals_n_184,actuals_n_185,actuals_n_186,actuals_n_187,actuals_n_188,actuals_n_189,actuals_n_190,actuals_n_191,actuals_n_192,actuals_n_193,actuals_n_194,actuals_n_195,actuals_n_196,actuals_n_197,actuals_n_198,actuals_n_199
2014-07-12 00:00:00,2934.4608842170633,1516.4934117425191,1810.6641593765062,2576.872138481618,2961.7943901652884,198.83726844012608,2939.6231154344823,453.86374957543467,2422.953287953,958.5363282595779,1135.8439447565784,599.9420670954428,1869.9708297109778,2602.8858816044394,545.3551891924349,1299.0126128537822,942.5978960665684,3097.964557578978,2773.6550355687377,3125.7539753486535,2729.9655724462136,1681.269714923195,1654.5059001553414,185.72927473497884,1932.6986994659874,471.36356636054006,2589.6756120402724,3139.0401120571773,1749.8201734402496,311.86455045182856,751.3465314857399,3195.903211622913,3193.8046738177904,1653.2140717878635,2527.542750587824,2237.1893041818003,2626.55784654258,1481.2548710794215,3173.0862585608334,637.4712769280545,2348.1780289456274,2573.4595398436236,1229.0337835521548,1666.0203683243305,1442.9507688591466,3193.103310912005,2347.2034712873037,2546.3161920580783,362.92076020903596,2757.04024394131,2542.7706264741937,3090.006840597933,567.893243103809,2642.8221011996457,1967.2453343414745,2664.3915562891057,2438.9626559928124,796.5372526883925,3209.566494892243,2486.538452156637,3139.0491818615465,2022.8467151857237,2324.3278033680103,1160.0233022560628,860.1945645254436,1461.8764441682451,1726.206279595199,1526.6512287377764,1858.779048350437,512.4326816199393,548.471670582247,2940.0726619907655,2234.459488297103,1998.6618317427626,1179.5343197704751,2699.607748941822,615.4002651344708,2836.805507878425,2812.3587730626414,1702.2936646243525,1886.6149874041673,975.3749124991946,1254.6382971787737,2386.6449993927486,411.2975000032893,2661.654865938717,971.9174890517534,2780.1446634786485,2979.2110046559246,2838.8958564317504,1347.2418145600864,3214.1217379517034,3177.638527626128,2093.5041973846746,2885.978911685518,1687.5583231034432,2421.381651610402,1020.9820933932074,2070.5255045906806,2837.5121438188567,2950.2519065611664,708.3591022847563,1999.8007460443598,2929.2914308861627,1547.1717883406625,574.0488293520996,2886.0805698678973,2872.989646165244,2612.8346265070345,241.69381837747505,1064.417893643652,2961.4323971060558,996.0175517876978,636.5414170579074,983.5443123650616,2007.001863693133,492.1260955393632,225.58431045772204,756.6762152114516,2483.73659234694,2913.1872795117015,2008.496000774492,1308.5932039035768,2924.2442806031136,2799.4062780131303,1406.066105888959,3120.5063722243776,2932.8135577855824,1038.785884766075,1175.9923157012806,1397.3643464326062,1579.1224722324387,1072.3587061984204,3014.4692564265347,2207.2784852396367,645.6044207076882,637.4565032807973,2099.104624558194,2539.826732825755,2126.7638492970113,2488.9527635236363,1719.79242036902,3188.4097554212963,1681.9743356651447,1864.0159534112463,2902.471879951407,1548.4284458831412,3048.013996856436,2890.94114234992,2252.4992549112812,2991.428943513197,2470.787236301064,2300.340571911171,2371.525128400693,1597.8927232678275,2305.0222835884365,1458.219590357885,2458.941150378057,1940.270045772827,510.320351824947,628.4793197164772,3099.2135114340576,2176.7444377448764,1112.318872552803,3206.469868276401,3190.8911019637035,1516.092698638468,553.0724668805792,1022.7666553018994,1901.1025318277343,2488.239326359632,663.1904059201165,1309.4503508719574,2747.448432226167,2894.887469749897,2069.6032236168144,2096.3774906597955,650.3762056442911,2427.6667682989873,1246.6940592136498,1392.5430560308616,2816.7421093105877,519.8325644036518,808.826337300381,1134.205131575955,3131.322712770581,1893.9317600034008,1725.3614249757634,3171.359148132644,437.66642937305005,2459.249900545061,856.3081747280121,914.5382161391744,2861.8191702760555,2772.078144609093,2914.078710831448,952.5507117845159,1068.0796564988032,2626.600146056336,1456.387000626318
2014-07-12 01:00:00,2980.2551006036615,1490.963989088877,844.6731857696986,2675.0772730081435,2926.2859934897715,98.40439090762038,3015.4682795677836,328.7423254784876,2532.9061421736983,1344.721000501699,1191.8109341968743,578.3510981987233,1787.2302248732437,2595.6739661916445,669.5252382712683,1220.8193770180403,998.083497252517,3047.6278729848477,2794.047094654641,3101.368240700296,2700.6037305704003,1477.6263039307873,1582.518904832188,115.80218579813481,2128.5201813772537,507.86262830060446,2279.294267994039,3088.069863024154,1879.9123484477952,235.8496700697151,673.568445902391,3129.884319292677,3107.5777359437734,1354.513023620545,2535.6612975340586,1945.0496925368282,2461.0604610826977,1607.806387071768,3073.5724771754453,588.2383860319069,2206.305037489906,2241.2006265065374,1406.624773632216,2036.221593791788,1312.549889051357,3109.7959733530392,2369.7177911319595,2690.9970664513944,423.0666989570623,2610.3951584496335,2493.157271175282,2787.1516217369585,567.2282199587005,2733.8968934655227,1833.6781237730293,2466.552976688383,2469.1666901633594,911.6638506494596,3136.979859065777,2644.7026345128256,3056.970360966279,2124.5957088390837,1856.9303051880813,796.3488763950625,1108.9900931057755,1371.7475729515936,1778.076382042133,1222.1754944611005,1920.1745440031934,559.3796871817472,707.0622114751459,2936.420961578497,1902.9466570129675,1992.3935970986647,1235.1966753342158,2728.9199386110245,591.1781197426562,2901.5504181805254,2799.4327269911178,1591.1508948066157,1649.5865103675449,853.9396374188805,1090.8032439964215,2322.0757806097076,608.296405033886,2624.0076894480644,1203.8558870594127,2886.6149303635802,2846.466444362015,2565.339144486647,1621.1624389776168,3136.716917183465,3127.8720044117817,2175.891672618751,2802.1772238201406,1568.5359007825157,2526.5890206199874,745.7776032557622,2223.460770159351,2755.6212868660414,2909.3383171470828,393.6306704048511,1658.9233598675814,2942.049534223147,1729.1975454399744,511.497572815254,2887.45246402185,2736.921810180912,2705.088830485266,111.66402404846713,841.4100207656097,2670.9575407539455,828.6692947832239,845.8235861986082,579.8915832722657,2132.9284132450607,355.0641826706392,148.7897469873974,981.8128474090931,2026.7553549482252,2917.071899224655,2023.06397438031,1297.735377319363,2735.4136314185093,2787.965349814866,1188.6474273257043,3074.7284499225107,2974.013908885434,929.9465790912275,815.5907196338965,1530.3269094619072,1758.4961790717769,772.3563300646717,2850.355697731083,1969.702155772749,404.0954190702332,553.3118083436545,2121.2217832147226,2316.4230051650197,1608.4845729213714,2150.7076302490304,2017.1432899946044,3104.551420216544,1730.400301241172,2016.6039211061766,3048.3948140723714,1772.3109381825832,3027.570526520613,2944.7913026582896,2558.619415607667,2877.516601656165,2492.2871290828984,2522.350320682449,2662.8285960309213,1312.2988173720037,2375.0313881315506,1837.2504316476513,2380.467614420592,1750.7184515447475,365.6553246807198,721.7082935033084,3114.094268937133,2230.3620623263114,1082.2014831863316,3141.0060326248586,3128.552511727032,1755.3740632013478,522.3900187930167,885.6500446226048,2033.9306039613462,2296.3119802248475,631.2697411734957,1364.1620645726323,2713.013040146393,2773.7264180905267,1971.2144054364903,1893.689908540224,842.041332012072,2451.929973608244,1567.2485063484544,1246.8368644563222,2797.2351533073074,620.0535521807974,680.5984761903628,1077.2245643313015,2994.4652443881278,1723.6244128822054,1603.4233745586835,3118.447976105561,243.62317195510468,2246.8556884291443,640.922423325731,1069.6437325847164,2761.8056927146185,2742.7220110929243,2701.2509779936527,863.671335719948,928.5190060148234,2629.207061454309,1302.5656971112983
2014-07-12 02:00:00,2985.7703490413655,1455.7793764276773,1132.7724974085286,2279.413827563253,2762.2155577517015,73.42561927345287,2952.148905867386,356.44690541805153,2306.860330642312,1200.0277914345738,1010.0792949991137,369.93450009075195,2110.085709050066,2489.014511944349,574.237366603387,1275.8144487979357,1205.8856352781775,2820.810723167543,2832.3512565742417,3034.2265998825133,2778.194811755561,1313.1979585489612,1204.9109794223962,78.07468416093752,1847.633587341551,457.8205943385915,2211.482898967421,3062.3769129036505,1973.2735762095153,99.79924734655287,308.5354984425039,3064.7933438102546,3069.4951995645447,1492.6794373396594,2245.8187993270967,2151.3930747165064,2281.21230840756,2291.642188780545,3004.349740253479,292.3409057062004,2266.4909753657644,2536.7761400623976,1306.0501712389341,1845.9250330003347,1007.9087983261575,3064.7561047452637,2684.115230672085,2542.5971713128088,187.38154520850003,2660.791273027153,2561.6284180555263,2804.725398592472,260.98801135626854,2412.8504754814276,1234.628968763818,2580.2720716695835,2101.3197351202666,892.5345815824639,3071.335738265484,2743.7559163354945,3014.679500816791,1858.035007869327,2057.6130246446446,679.6233158050773,1030.4519262374256,1233.9806484554254,1607.1925121824409,1085.6551707480971,1715.5592511566683,369.6253266143258,989.8924737643347,2860.5387326114164,1707.3576928871785,1630.7103976012916,1524.259942967273,2774.2095367111424,250.75016450041585,2799.52342704499,2750.918646569473,1724.8874336355354,1185.8902280778268,710.6312494283361,1200.157021723486,2348.216784829566,719.2677151624107,2424.5771906801247,1202.2053782597802,2904.5372218790403,2905.2348923950685,2599.4177088398874,1923.9640539872462,3072.6775441717723,3074.699199061527,2496.7476869986285,2903.353441180192,1672.3321212053195,2497.457324300615,940.0546229054057,2044.403894582085,2774.5397141339195,2804.78816413792,611.3366497362697,1779.310324613656,2850.6377354410706,1811.253378345753,456.30006752046825,2768.7645513081675,2609.5233580257827,2624.540503069719,99.77285730714902,348.4389387760441,2770.356524287339,848.2675354291518,519.21198044826,432.8150408929914,2349.763231773955,494.02431849621826,187.33760028948245,605.3178811117714,2308.680175769268,2796.3823527714385,1504.1602214741956,1030.140688340183,2724.0231482940217,2615.3495111597904,877.138837720544,3069.757343028421,2801.1767617877176,1080.1533602795328,796.8888633892964,1937.8806862553608,1543.5492057065644,678.3403799704747,2678.5776636869964,1687.815583435259,234.95445979651777,755.4647057642517,1842.2894848990795,2206.256258253258,1708.7252942331304,2096.136088027498,1776.6790804117395,3063.2792074945332,1384.173059477478,2071.3781528683576,3007.7727968233207,1421.8332930117203,2747.7798796785155,2804.6136373780837,2099.4377697341306,2843.633268830888,2399.590656067932,2694.724645513671,2681.3081144524704,1068.4612862288482,2280.237231514086,1205.8848680354147,2140.0048536545837,1653.143831556867,196.9407599263468,887.6633070877208,3050.245646686773,2117.388973602339,929.1448700226574,3074.7641891218586,3050.5583033930425,1509.1263121730808,250.9056090652125,917.3263488698994,1607.3104837427002,2252.321809859611,682.0984132155172,1421.776038504195,2741.66972969675,2709.2090633063995,2233.7401105553404,2067.67407301195,1278.2537353239275,2395.02526130074,1323.5920066105616,1281.5414919709058,2615.1947525688824,444.93384517160075,498.54923077170406,1119.6138311512946,2965.317968157997,1846.0139696335386,1715.5785671185517,3025.128575793495,202.15123889843562,2186.9619778080496,586.3228982850924,1122.736001595478,2713.0024932930824,2496.717784232839,2653.7172232931716,993.6418811007179,1131.3947742261018,2393.707076876421,1073.3546095764314
2014-07-12 03:00:00,2582.3177343636607,1607.5619021729703,1199.1981545302785,2161.3119973431135,2476.5563560623273,125.20862298921475,2773.0975236808667,426.2780843129633,2302.279497901088,1296.0045265671686,891.2494503039627,477.92781490524567,1670.484482861252,2187.8491010566927,679.5279752366541,1202.230573175979,1169.6064005471112,2662.186443394229,2270.6351401979027,2791.455557701125,2509.21807666322,1332.8383742572435,1220.5255521605482,168.5733655635854,1956.6868808243212,674.0148501437839,2284.1163606756504,2893.1012836207874,1394.2812872859301,164.4794784772298,288.64571083219244,2945.1917332172056,2903.9330796875693,1188.1696343332922,2530.028108987856,1973.4628270510207,2026.7766055238005,2123.221531711695,2839.546628493636,516.9067469465103,2214.4024184507048,2199.858801810099,1083.8520008568712,1621.0381886580758,824.701393979818,2906.4542365638913,2677.376740254616,2266.3342942990917,207.59930503754094,2244.6061282957,2450.724287695512,2362.6706452257868,486.38609968280207,2498.5930285465024,1246.727261379039,2264.8717848073884,1916.0137562711152,630.4945597378066,2944.877218328778,2491.3688181357215,2858.8279548339415,1581.1611770575762,1503.4165913700008,804.5686027945653,898.6578709125183,1070.3199039593992,1654.94394738689,1285.8593777243266,1613.7004523048095,623.0900139657015,1270.5599272851073,2638.9677251079647,1548.3737774546391,1679.628921100938,1558.7801491870393,2641.4888907503428,410.8139968934913,2569.335552577916,2565.237296117865,1366.2875659233757,1400.710360089933,669.2362950231632,1720.471130227589,2088.923559754846,1074.0287831350292,2376.657434220124,862.5395010978114,2436.2526361847767,2765.685973990424,2383.1798144417826,1824.3991172883955,2945.6966212525413,2956.952105865111,2066.833069033424,2686.9231633694953,1493.3716995466712,1871.1877706954533,678.6051935729088,2023.5370288696647,2473.8505537561955,2569.0947211298517,662.3465752751176,1454.6391881933885,2605.8373450768167,1375.686184158779,601.735215686183,2590.973633127096,2518.999681552008,2578.1232867455283,122.94444919690613,405.69244891095764,2583.2413020526747,818.2440435166,840.2611294723183,1024.382115170055,2308.423440902663,440.3918639239196,336.73059175462345,636.5531646588486,1854.6629627963928,2666.674023263775,1488.5732187843405,912.4611951181732,2473.2039194211998,2206.4638613734437,1103.5243207561998,2933.9935433267224,2554.2728633617444,1231.3623606805927,586.9820523151184,2072.202604619657,1688.608666402252,809.3762913592313,2433.290730231821,1515.1079327842558,216.6082481669846,980.6235552405392,1428.6941647670744,2016.9188676703925,1624.5001374669912,1786.9256265215365,1760.6873749025788,2891.6575750922516,1215.8499806118512,1716.666052388808,2919.3799941889997,1287.12197776493,2365.1639521348047,2619.952146569645,1781.2361510723251,2592.0054907840354,1950.185556722824,2522.213316004918,2538.2770028998225,1032.2701352101794,2185.0637704823016,1371.1566610726138,1705.2100170631306,1659.4339443446936,506.27425225645857,1006.9998324453304,2874.4854517153103,2241.5139324611164,709.5501691232398,2932.0609618288686,2877.1306887723104,1068.503039916678,350.1798116849827,782.2471105599279,1524.5002191427595,1905.325497666932,829.0453674415717,1206.5099266041182,2605.7596185033594,2486.4322159015,2076.199531510669,2004.786407376695,998.8978432155563,1880.0185703197487,1092.483203153802,1293.3956804256454,2570.1765968012364,566.0784584191292,595.1224994002707,1531.1392506384557,2769.985307451852,1838.1160056016604,1518.4665259893598,2845.0018777823007,240.20603809039312,2335.605076240197,796.7554054701666,1238.0907516511522,2351.0754372859915,2172.482209555866,2197.748617395527,1053.6592240792074,1293.830680118034,2318.6842242179264,1294.149198418413
2014-07-12 04:00:00,2430.4886788122226,1532.9026738741566,1121.0824085213803,2153.039755518716,2477.8687874383413,28.098322024912704,2604.1240600113597,262.39217567139895,2153.903325961309,1006.9817202362774,1163.9118786245551,671.4030929554692,1240.0372185262283,1949.6766894208786,473.9721839036406,976.5957269579981,688.052311710222,2489.9868077771416,1689.9753257060281,2717.9984482963164,2122.1621774985656,1081.2246686619496,1662.8670346857696,89.26298522997195,1829.4349372898687,672.7392620210017,1971.7915707073716,2765.270708911854,1182.2420119119247,92.17640497786442,281.548104003291,2771.678683503487,2764.5221082936373,1080.3662756914698,2513.3231155007593,2052.1543362708694,2084.6931483813864,2264.2552966762682,2702.3136958691457,442.5002219341229,2136.139098147379,2184.1679336344655,731.8753175565198,1547.2541531837842,750.290402001564,2708.5931669732604,2345.4359840388843,2382.104524007434,201.01731362111832,2366.8075078946245,2488.0743694395624,2554.7333920810815,314.2870866880828,2430.186366866304,1141.8214665301794,1880.330443317923,1846.098837660789,329.5376845254473,2779.38755842046,2456.270462621783,2630.2869786195392,1460.246675482282,1722.6831397874128,753.0855472373391,815.590349382911,1637.533777996962,1076.9879909081194,1075.4401373535168,1165.1761185307573,748.6406039494655,1425.874202815757,2515.4123592541146,1591.1454017634926,1780.519703340655,1552.0463002652402,2501.2928455926876,464.5604853826417,2328.8260219942945,2494.8035676037093,1542.1156431851014,862.3029402234492,447.70935579151455,1523.8446222304526,1875.1933746816333,907.3100216230296,2195.860173077867,776.7318658790455,2374.373981576848,2656.637608162043,2290.115555476235,1823.5458649064262,2776.023925457081,2786.3472701523665,2191.4726583244305,2431.097953834688,1441.7541344111057,1755.266758621271,684.0220838601572,1856.294297124579,2476.2778945885343,2351.0365881896682,644.3815771173195,1664.7072788615592,2542.0222054067954,1292.9536140661407,694.798971210635,2315.2670448366634,2420.3775787196114,2424.498951338641,62.47301465986948,283.2379460534098,2318.640395316001,741.0249590380131,593.8592738395837,886.6092277629009,2284.7401435540523,659.3875053760612,287.0856895638699,773.5651017989435,1910.8130323706898,2561.708090385166,1519.6849311363633,1168.993737804169,2447.437863605882,2181.9351271174487,1133.78154153011,2754.4438432992697,2472.8501729236414,1080.743210663666,507.14609332146983,2127.9137939535763,926.9196210849486,675.0098056933884,2035.3377999674092,1479.4045370139304,116.66092033370569,864.5436929124819,1202.632494125778,2136.046589533151,1492.8987986105344,1755.0817351296284,1727.0833521421039,2674.623776807433,1406.6592263248617,1846.7614861203174,2756.8855442531985,1160.9577542793963,2366.400299652842,2530.033957335213,1790.2464691684388,2231.281537001536,2033.7888374976953,2310.7299666039607,2440.4290252844607,1000.5507371153644,2019.8805480870092,1610.0853101642267,1254.123134661178,1933.4774465684036,362.6107357428764,912.6720568940464,2700.3207071428706,2157.921370662573,560.2452185115351,2730.0563523107216,2726.6401817826795,1285.9586482275665,164.5444285710712,494.55310543963424,1282.8952258261666,2029.3110699246513,629.8039322090067,955.0479054038856,2501.1449933657896,2280.942365973238,1554.4149041375174,1862.6132099179022,902.3308062814954,2014.4904709950451,875.8656035080958,1405.0272010875008,2166.0766169545072,643.3425144436519,486.16939158879177,1320.7795148987643,2592.0418973969495,1557.0157753982342,1174.9305953408632,2630.3843686819223,285.28497985553554,1984.9686581979506,662.7614970159043,1292.9674412895158,2254.318794972115,1933.6503069759074,2086.6384180902764,962.7504719531578,1455.403589944454,2251.871342885204,1472.1198664321776
2014-07-12 05:00:00,2902.8143399667406,1978.6540279102423,1157.0668651424983,2510.747938481063,2738.155371860214,22.410204260019555,2747.2428441405405,484.4662303604198,2761.312649740828,1107.2966331559385,1471.1960415553126,658.6244539219535,1911.2365875672674,2621.01720577287,849.8650146839163,951.8413742595212,897.2532953198177,2894.8009743442844,2227.490910228017,3203.002746696126,2501.264834871224,772.4683927617816,1687.0390856173829,56.39522966094546,1976.8966471737883,963.4512101323005,2362.6192837747803,3274.1213233940166,1457.933489369864,36.03542141283788,325.1308943755166,3297.874062406517,3288.04383067667,1632.0617106664893,2886.970508522743,2236.8810929312817,2263.2699874416185,2720.6137692485827,3257.488862978311,611.246790419844,2352.28268999522,2709.136953265502,459.91600283326306,1692.7002780188627,800.4965698751371,3224.9032472354543,2558.976674793132,2299.5223108281884,191.52314748466802,2958.5242025184048,3023.1302604444313,3093.182346175597,181.71174266434355,3081.992760225949,1669.5176412532007,2098.665934516777,1907.3630591311305,233.08342355667787,3298.3260901328304,2793.86773586676,3128.2990135264004,1530.762283170953,2196.2145010428426,555.0318477970438,1027.266447887704,1738.180951474424,1070.4490725469639,1202.594406214002,1197.837867993584,1008.6384889137181,1557.8121344730034,3076.689047475426,1891.9290031778626,2148.730611958821,1681.353332883982,2996.2905446360232,278.0446656192137,3020.544220864358,2963.09746349252,1184.2896422333522,923.4272848293745,359.6188572049052,1551.115930076552,2324.4892877561056,944.8569436496214,2451.0528129609925,746.5401377561764,2767.548965137442,3186.5753800767707,2720.2795162607717,2186.0145961871817,3285.4462733780274,3303.8425943053116,2199.088137929331,2478.259589798974,987.2682780844611,2403.3815172700847,632.3149525150134,2124.281210276917,2999.371750974969,2577.3973434334175,680.4262417751927,1441.0320558240333,2963.161096342875,1367.7926331861709,585.6147613794026,2531.022222850498,2983.9497753691235,2683.227783329033,51.056301123989215,401.0781355795873,2922.60792875575,501.04174198724354,746.3067159969207,991.7411456951328,2600.1615374846047,789.0518458815147,113.75149403877322,824.0713893973414,2661.8371494755484,2984.762278276735,1456.0077316688742,1018.9525783578492,2951.812440471969,2838.452095147744,1277.9836821394322,3286.847549394956,3156.5809033782193,1309.761595046376,521.4175590161956,2678.0707932548735,711.6814548113434,706.7230989200139,2161.3016316902135,1958.3496631573018,118.75628743447646,556.390067504828,1446.6549344711377,2503.7872489211854,1808.6960008725528,1794.2862165696392,1756.2823812290344,3207.711360160703,1503.8397579095804,2382.0070294390507,3240.0223264411557,1646.5338881711161,2709.0486394617315,3058.1797996570194,1792.2527956239985,2569.917538868789,2516.8170814910864,2893.1308429009077,2861.6482377075013,1605.2385614322818,2470.5368551427796,2128.1365008273156,1559.27022591148,2489.6926662695614,267.779700172249,1030.9612822002116,3240.9616958312104,2892.5134567368877,811.147817706621,3251.6212200642035,3261.98838236061,1865.337989861789,141.27907900784726,714.4255160178875,1612.4710812724595,2336.012534567061,1030.119817590262,958.3739471275485,2957.3264466425926,2682.2428994705424,1550.8938825261907,2374.6019985036924,1000.6724957279895,2422.4348556219943,1308.308760006817,1511.912573148027,2538.0041868506355,842.123358596576,497.5920989831211,1259.2446034494353,3059.64858551747,1401.0322686923469,1206.2426560595738,3172.7745748385087,199.79676473451855,2578.127221402191,822.6977083806128,1579.4692656478978,2692.268185068727,2190.68862616628,2388.10208077044,765.0797911977872,1433.8636171153496,2938.3144000817892,1688.245759982382
2014-07-12 06:00:00,2685.929336280624,1329.4049690594857,1157.218439041623,2162.2711738628545,1991.219553116486,7.2713852059173405,2398.5444831018294,372.7861059835027,2430.7031348718024,914.4876659435942,774.1953532690852,349.5008198731998,1536.85852144067,2294.552499776955,688.0280293247479,1159.032915811607,591.6312486973602,2467.6656601807713,1691.1661656233364,2813.8554587343287,1751.3154732783723,472.5200505057942,1488.4536106105631,25.244006652935013,2041.5348858887735,608.1813304616655,2327.073261596822,2915.4643036453176,1511.6877018925272,22.370062930990798,235.26192974020933,2922.187855689388,2928.1290333081593,1583.4280831960746,2810.633721241633,2051.942915262472,2326.5757634418455,2177.2809861028263,2907.627608805048,568.3787507599156,2061.3782981732284,2669.3280905538904,456.7932552631505,1279.4369972646248,819.4873896450822,2868.9840877052507,2115.0326640596263,2029.935825673203,135.57841033638124,2671.466264419494,2602.7707776652464,2786.131848547808,135.7576146175586,2660.2666065299923,1707.6199289216274,1745.6144294124238,1030.1411260126945,190.25550543297845,2930.9018410858216,2332.3373858812574,2826.2978302159013,1225.419957133103,1948.991872911265,460.4576320257411,962.5660611218331,1505.301254996234,980.1294661007114,840.3568170983938,908.880307798906,1148.5413743270187,1356.9443824342834,2874.9950313449863,1940.08642321376,1553.3781922745904,1655.360160911757,2590.6332771282155,94.08547224615768,2785.7866093881084,2715.4685355381603,1099.1121711148282,877.8099320094093,338.1391265074799,1633.4823531735537,2133.60893197416,976.3533567087155,2232.5839989904434,410.9752543238794,2683.428128020493,2858.995983541609,2354.426923110835,1992.3339511845397,2930.1963458823907,2929.742791552007,2165.5787815588305,2184.8936900523863,1004.7806111810297,2243.6571879280505,430.01655976336133,1529.5112233061006,2795.351229128931,2619.4391483868667,597.1465121814856,906.5336320867835,2766.799401846723,877.4187842390386,341.4663021922265,2011.642675320969,2652.3228495788226,2245.5357813444125,15.643291915196414,411.8924750344795,2582.6053561720273,386.354227020664,740.915095385837,578.1612666858123,2040.5096695713396,617.8118840959423,43.27135389548698,848.4173708112775,2086.4873122945255,2706.1897891597214,1421.1633858679013,725.3413813863278,2398.462263950894,2478.108944734132,843.1038920158582,2923.038386724402,2533.084337087177,777.1442649517256,190.14376705453242,2480.9933273097704,533.4032240897604,331.4901082962756,2011.6397515084616,1682.3928133457694,61.869398587068645,294.4237955849021,1188.4525143985695,2060.6730200695033,1209.9434964361199,2098.424013760993,1337.513576665423,2883.54738501912,1120.2898698185002,2345.6912343326712,2902.3274804798766,1714.6904821961596,2613.3343093172616,2778.5475656000235,1532.252696955942,2183.4617932073165,2245.2146416608825,2526.9217266452965,2332.914305803471,1569.170672615065,2156.4716952159356,1432.1324916809594,1427.0827248286193,2026.8611429180078,77.26559682335369,967.4893156817373,2820.597954056052,2731.851615694377,862.7740812566976,2877.7296568457728,2877.2287697494176,1695.3641026998732,186.11450077650989,381.9416581271462,1297.3234458538448,1800.1059972005319,488.19012183669884,864.4473097052347,2778.874686176375,2454.440219992719,1491.0659477605902,1821.8121688513127,896.2853322563692,2145.6128361340134,1436.1270881315804,1140.1903022017568,2508.5713958125543,537.7939574170355,369.35540950188397,1221.2691495916672,2625.422815228962,1245.3418535904634,927.2046531028294,2861.8647232781373,119.51760424858048,2138.419790829684,818.164823952598,785.0315967757538,2716.564572543562,1949.2473284303858,2233.138145113046,762.0387181753167,756.1598021765609,2617.8520591284696,1261.4910087333742
2014-07-12 07:00:00,3241.87881229332,1045.8871805484164,1487.4902572029912,2282.6737992557505,2131.4811233860837,62.53912636277914,2713.653731399554,442.31432475308657,2624.4165296562683,915.9715112308517,470.386755202768,441.0546387035481,1633.53560887385,2723.8887291500073,936.6487855035103,1797.2942148941493,836.3094404434797,2709.064715980495,1663.7973006842176,3443.5118633617703,1842.1008855272848,753.1332414332026,1202.469082268281,80.02231885802189,2540.998849185327,671.8412398634375,2574.0098338033013,3550.5070406030836,1704.3596603137967,90.4998192051994,214.60750275463943,3658.49,3638.9541159356495,1556.3982914829535,3556.0083008011597,2383.3119916294468,2777.539830057872,1669.9866104019898,3658.49,416.0998920122672,2508.0928041417137,3115.66822064546,275.65561695701626,1641.6975965020565,1350.8393710524053,3497.8588638343867,2173.428829268995,2025.8278597664878,99.74288244345098,3128.4043394699997,3188.0019357588567,3388.76114899547,205.02792289655758,3046.941657150246,1918.195329416434,1840.9658573038282,1236.704829588597,268.14173910227487,3658.49,2452.7168993662403,3562.8023305028983,1192.974920832398,2683.7485420261173,616.942500505674,875.1076873993951,2059.7456928515035,925.1799318393518,637.6918649236824,1466.3973476426233,1255.2166078862135,1616.0973957765316,3597.940788844836,2422.4448418058223,1249.0013380653384,1827.291193043608,2561.1569501316985,174.55064281351633,3065.8280070582236,3048.4490493934363,1432.6366055302808,971.9694139026724,432.24195860279906,2164.515536593913,2229.723994134335,539.7951087602744,2245.3323901557037,289.12192760169864,3226.3427032607187,3460.637077753369,2382.7651179775985,2328.748479790424,3658.49,3658.49,2827.026225741146,2171.6930540547933,1265.0797328495548,2465.7963003494633,428.3781591151553,1691.0039572011265,3317.2296657106413,3313.3496282153696,774.977854243895,986.7635883036523,3219.7981780736277,1406.2899980413838,392.6015137093034,2141.5903336569368,3150.157511080238,2454.832518008073,64.92698275200087,480.7236092850251,3175.885096476731,469.69088460511057,916.6589710313297,1126.9989466997229,1753.031617452404,526.6389249959936,107.80181595292538,704.3701418323897,2726.0643465830726,3009.871280138836,1591.8766838261256,493.39076984140434,2588.916954829082,2912.890637766346,785.4577638741174,3658.49,2815.5430098539255,991.5232927785153,218.41195103153564,3050.9575379527664,455.66458627745396,268.4915540953334,2455.078609291211,2035.2741291634054,141.36229625101237,258.26584862943946,1398.1099435079352,2087.8572604360584,1022.6986625938146,1923.9024483175774,1215.4659310314387,3646.051812343235,1439.9825858447928,2566.2868028182215,3620.5226050134697,1546.4503851373186,3098.051496458747,3042.854113557554,1840.9800414347685,2388.377754258866,2405.8566419826584,3145.462226329834,2554.690698769371,1589.8807185609126,1892.4193943837868,1395.0107671801752,1417.5227727604179,2438.927033736352,112.83413434573777,981.0896773215749,3396.661919806371,3043.385361132513,1159.6690929954352,3513.871426299913,3575.904191147013,1602.880776287516,244.58415053107842,426.3218041416701,1722.8659114362117,2335.6665649962124,386.1449813024167,438.1328075442249,3223.077163129047,2731.4225457964703,1569.3730935434824,1964.1968165617463,1391.515769748794,2242.8897117207234,903.0628042034944,1113.7516114097375,2593.321832359192,582.1850419439727,404.20521347608656,883.19641232824,3119.5000432753113,861.6563714943004,915.3795693105585,3543.8494121794683,132.37254479999683,2144.5546024349196,918.3197617137731,818.5768126219425,3062.5276845269486,1971.544516288673,2572.677337125447,794.4253480976378,361.6395673096026,3108.4406663478117,1246.3005470537141
2014-07-12 08:00:00,2305.393549367521,378.2955129138393,662.2841119862479,1482.6311777141093,969.9840771963345,0.0019070526745963434,1924.3712121563556,110.9973847129711,1156.938152346839,243.14936823578796,95.34559229201807,25.36071917317065,1215.2343011462608,2065.158608825901,207.57194470830564,715.9367623389765,428.5213655046225,1972.145188664753,694.2634514557706,2358.3817624948633,1041.510197376731,112.2594142568937,567.9391490911212,0.4079542714843001,1637.5689018921964,46.32676589188918,974.7755303917643,2366.9457217173926,974.5721122139565,0.7194835043387684,21.913208165538776,2488.9983770438184,2446.2443354565853,491.6756303595278,2468.212103028329,890.6515417602884,1605.125542125954,1129.1144748517797,2462.4839815126948,19.738140457136524,1602.371985408044,1555.020952007126,73.5626904760718,1036.5238819298397,418.4298453834774,2368.0314024435324,1141.353257805491,1033.2049107148491,0.4589458122901533,2094.0397151369657,2111.976405833399,2348.3907609915964,29.843475725571352,2118.6400865188593,715.4788739797824,807.8158728441077,476.01781615711445,3.462334233239062,2483.189974892704,1408.012374667409,2476.4476220523056,420.1565864007596,1598.2134384557523,305.4103207473654,216.0450620135498,1114.8216274475112,491.4942874091359,94.6808260724481,561.3766368458494,215.03422054240548,418.23502046001136,2442.5637861336686,1748.957785330683,1072.9611022123029,1005.2179729536067,1795.8819135136853,7.9781250392193215,2238.3468203425905,2012.9917814138148,540.8540823968372,280.0567435320945,55.05255686070973,945.6959097523886,1256.6764154231373,106.59377137232059,1107.24449717963,85.2667771272977,2116.038598564054,2374.5287266607966,1492.1363780309239,1616.9464674330477,2478.394252759618,2471.589591781676,1851.5390933051656,1299.713861746422,330.5615469080735,1493.2327433621842,138.712607571715,733.2036708990278,2249.2539419692853,2072.2850146682513,143.24644415658167,820.997445827324,1992.4752361655053,337.1083504024177,19.306021935831723,1207.8326185677095,2051.36215782484,1496.174372496211,0.34052280147523106,81.44535241166284,2298.6113277385143,60.57766324572572,122.47525074334078,413.67962008475,741.0977694767429,164.41201801878208,1.1321791214882069,355.1567168668312,1455.4219765857424,1863.838426336882,503.4720887187308,182.0996858400731,1598.3689235779166,1773.9266939606614,281.84554587636103,2455.8750002648976,1917.3995758383364,595.9657475183351,15.770670053438039,1218.717360898485,121.04817601299601,16.03188910572362,1793.8244814757034,729.6188306054165,1.94153375588553,9.538732774829214,514.0726305253665,863.963477640225,388.4711086188811,1348.043878752763,317.61739258460875,2422.7053566717545,930.5747793998538,1829.01945959685,2284.6961198450304,487.9123769447377,1966.9845642184926,2040.9515807601101,1077.394115582937,1721.1073395348967,1164.1485955368646,2067.1766358943214,1517.0606388229082,564.5485995339197,1411.0485225061695,651.4034767571202,610.8707974361973,1374.1324192006332,0.1958419845525441,91.52268374886444,2339.3984322478846,1833.7324597067745,537.7341051894053,2436.6168556593198,2425.060244574899,556.8930077784825,49.10060257092334,203.76503256144258,796.7236104114617,860.9738597509295,29.498229337225666,110.846111234982,2067.6878413511463,1628.3584617897175,1076.6180770313995,1174.7842540504887,242.25923850542995,1288.5736023560744,255.57940327203005,292.51169184230594,1908.436950714579,192.87901504064303,72.61353828317874,266.870036245866,1924.7324856307644,397.21484696653806,203.94163626715,2354.83615129481,1.7998076301932997,1337.6066296877138,285.19977035358306,314.5046406894792,2093.790076585608,884.1972878481653,1800.9644637635984,139.07294955527823,58.636107024059015,1858.5802183800747,399.05256892159537
2014-07-12 09:00:00,1752.1126728786478,84.0298147426297,508.64130282727984,620.4238101078414,665.054635166143,1.2858670288551366e-06,1566.2162402217036,13.09053301981271,640.8132877716591,35.43998881828054,1.3671166832895096,0.7226327552755265,579.7023089140667,1578.3770731743389,29.806258707056145,287.4745854841336,254.6085020139816,1302.3550759814552,104.63882452597323,2230.4389648167935,456.78514105964956,22.064453614925355,259.7265693103219,4.363851473954128e-05,922.0493829790715,4.782170574933275,181.885160290518,2199.676492446886,327.27236813346656,0.0002786006022006404,0.17030182875794253,2304.3552047726957,2166.391930414293,366.832985298141,2189.47685027502,376.28029116806664,1273.6014213719163,725.4835518135272,2275.7643982592804,3.9065856837232786,1189.0103829817992,882.6157196464518,14.088613896565903,498.24548481330754,22.18417118080572,2184.566158178649,731.65428764971,777.7638112019445,0.0002588747281606629,1692.2316106712506,1714.5194969605495,2144.6187082680194,0.18748754491355157,1598.784253619356,390.2555963681064,249.90309739875875,157.39472142053023,0.0003298432377505378,2293.7260721597013,783.6398830897617,2280.7199985225134,132.48839753794834,1048.7499309708094,6.415862243361744,25.687744641654604,441.11989884559466,372.52504264366877,2.6273444241763855,216.9801056323754,17.191304640101066,174.13369865920248,2252.597683396942,1282.7369217728647,845.3724216478411,614.9036997575383,1578.569807408091,0.39446848567217785,2104.614819605362,1598.2307388049303,243.0104096684579,39.647003800954735,7.363797231615422,1066.2486282763743,1112.770353906862,14.214711709440166,916.4791588660753,8.95885925403843,1513.045529633004,2085.700794958472,1559.2904174949733,1469.659694972138,2294.2995458093014,2263.1935775170236,1164.4887963049355,1122.7207811772055,93.1619017727242,1491.0582304464983,4.5637475920477755,256.51112328627374,1862.8365051926196,1909.5661144839694,38.58956134259415,483.8902205455784,1779.1558384626599,51.34530367378977,0.2715199216934252,579.6719833902723,1512.2066496011817,784.9626507565181,0.0005935228031148654,25.757598148453667,1971.761176228039,3.393193074834471,0.9561187657984647,156.3324913002029,448.10363466048597,27.545912969304595,0.002490317103934103,67.84041307121367,1222.889395899781,1434.0980334873339,578.5435134339541,85.07071363841516,578.4837569453304,1524.525055744814,106.15611723114415,2243.591323578409,1672.445787969516,277.122834031435,1.009527107361464,377.9791995467485,28.453863650576977,0.5371577620657035,1162.2592521681543,429.41833021604793,0.0061587987573830105,0.20014180968166784,36.11108608992447,324.75588418017117,141.82247863735586,1018.5600037603285,18.12256554225712,2131.563298878295,416.861797436059,1695.5200330265918,2077.0154487713476,115.68537560686354,1696.3601187289205,1564.8893962468783,763.2462643702877,1346.4384018678657,363.6897287108303,1762.833033397561,681.9450805776281,323.2593618243733,747.6401068612714,292.3414846102167,660.1144754763295,890.1365047384028,1.757546215230832e-07,24.106822347955358,2123.2091879356512,1436.195736594194,347.83478689636735,2255.3846995665745,2243.9585477675296,80.83559066651424,0.13690405990098498,36.372606332700684,507.12994221340097,832.505881286183,9.827177995784837,0.9667834017267296,1749.939696255613,1485.2623108261532,1111.6531257394608,481.1156914006439,186.23033307196567,919.5714950295403,128.94458440083218,30.96134485605421,1357.0492191607289,20.618204587378955,26.378191489004962,13.910157754375632,1306.269299057892,186.32724170958488,31.519206152123388,2196.599792098302,0.004149367186414565,1192.7393911884346,32.30175380854109,105.01657937415894,1473.3869124974565,221.1532917276391,1467.0052263478499,38.84665649659826,4.2972191325949325,980.034548393126,172.30733434603792
2014-07-12 10:00:00,1460.565832650896,34.746250706486535,259.003461342926,568.484280750373,588.8929994816283,4.880007509200368e-10,1270.3516097328657,8.805845608351433,557.2422237385207,11.644074604081425,0.027224951890559623,0.02790782978883044,239.61621636392493,1239.3293618384378,4.66455885428519,57.35141615595279,19.55262763856797,1238.3969808212605,276.9668596068899,1849.3582244158638,327.3986603380408,14.349086938596258,191.6351149426415,0.000705822208601603,641.3242613120576,0.4169979116747413,269.9573174479824,1858.5196057626017,45.08327157391017,4.751051886842106e-05,0.0046298456718432135,2256.477484399836,2107.154052810635,175.79195191695476,2152.4232693057047,278.45778037835186,909.9795630171934,356.7337994584726,2130.7359625805893,3.203760807891115,738.0497102488658,566.1382525433162,3.5395815023962314,213.624633064219,81.59990992280194,2108.5556877771005,347.74023227824387,104.28803263110353,8.831324703351129e-05,1218.6781329792766,1508.4780511936433,2024.162976576728,0.016320625768230457,1784.706253549893,315.2365990920598,214.67737395365083,205.5934740812523,7.382896751551016e-05,2216.2530828585764,507.9693712534988,2152.8888258855227,33.21244089010065,891.8921731653356,0.49171286023886296,5.684996815064494,198.52013446857484,45.4206393198333,1.6109619956861252,321.12067003104585,0.33093028080020304,50.85468310045434,2212.2331929681272,575.2302778464616,1180.5888236853873,351.3325850397538,1421.2152582794986,0.0013965375835596205,2047.4801624449788,1137.43381201468,83.85858729518174,98.11588462574662,4.309105901169801,509.74906793862937,774.3305092186291,0.06917132154700312,888.0977405779402,1.9474867863748955,1224.0989413144027,2013.9519732807748,1021.3394532901109,751.4356334951354,2265.2723224497818,2161.4994635190196,570.8703629659278,1055.427735636764,69.23489403736966,616.076067729821,1.821986564261067,235.58769600967838,1464.4652755062327,1740.82214477147,17.11460385935453,179.38081857014788,1486.065587845289,7.420346324331717,0.03387779902317334,71.69482804131019,1120.5864484832216,861.9093472198912,6.659308735379454e-05,2.806710777242074,1922.369292712698,0.1626752339263362,0.11967424735689747,7.157352299240358,481.71333401425045,10.185533626466452,0.0003729455473830967,17.547489810672346,1270.3906761585279,852.9655243349459,500.4631738681446,97.75212353729688,166.2245464564627,702.561974859305,219.32830791005952,2079.8861101487905,1265.6420173633421,23.776972259254137,3.845304530678618,217.18988719427864,27.039844376297935,0.0012394720598649656,1284.8593537010565,115.41529592223611,1.5094983041308296e-06,0.004343219261670583,25.320300608946354,254.37633386045746,22.736267297138113,878.3808544708365,1.4284759555201276,1944.8489899408123,345.9557421318964,1408.3093411807918,1334.0285037981635,326.5562627783184,1374.2973978696125,1678.6182593432472,559.6311511453679,875.994309388521,69.93145776462023,1748.7787202088734,256.281448036704,239.8357048392544,551.3079803798337,100.74699300360703,504.6653582571934,683.0055521153663,3.893774191965349e-11,1.4141478202811868,2038.8652067946568,1276.56938422466,232.53255146961078,2148.5158129439833,2214.8662910388566,95.66099818610951,0.05494967054318067,2.3961969937437857,20.263334351354388,528.3262993319545,15.185734307587552,0.07299761691007234,1253.7379762776025,586.0853959954183,1050.7823946689573,325.87589049071636,52.76848668122881,966.6882841155908,54.563728820659435,19.457534833216357,1524.496616308339,2.1211644375068204,21.42378153204527,2.710490901409912,1214.7264622491618,98.04978664723615,1.6262829961907528,1934.9836125676425,3.153186196414026e-05,526.5235250053668,9.95086415436765,69.01352446442979,1285.2797352707303,452.0028515976142,846.1450836153355,8.444986058944039,14.889140514362566,232.02652199283992,26.333794258503133
2014-07-12 11:00:00,2046.6042667428642,101.79636142878064,251.2225006261248,802.5269406145125,668.0700096844961,2.4155042410711758e-09,2031.2391912630314,15.266318382116424,1150.8915259069747,77.64992903047238,0.06781815008315561,0.6196130261943722,549.7225389757709,2021.4804778950765,3.3315083459055472,194.59495636102582,16.559896380693544,2136.2125862317534,286.06258687365477,3227.960269051609,1254.1623286410097,75.78321214568268,300.7822063353108,0.0003435643980083114,1210.536948397948,0.23137895706236122,1195.9379663656282,3143.169627050873,14.207081979958332,2.0337906221357116e-06,0.015424055823586968,3640.780831071243,3416.526054763002,222.331723028495,3340.817368903152,95.67036905197199,1250.8663347444913,189.01163068868686,3362.07256069298,2.9684898217801674,828.348156660657,1156.266992556317,10.549226855226152,443.52348433011764,22.7130906214893,3480.5696572953284,561.7453727331782,212.34426401090482,0.00016319844030476816,1930.47621350272,2234.4860364323736,3113.8561515672313,0.002517448448486448,2722.0737968376525,508.06713530829575,227.75104251434922,415.8980205457316,3.791493247717881e-05,3420.250578398357,688.172096463915,3368.260561632037,98.11452086348999,980.7282931413208,0.20187802885004658,25.637457404343934,341.71386972132206,144.77921793325197,2.8613889162360806,108.26616175611264,0.0011828249120640066,93.6086514992972,3533.8423834269247,290.53345297528705,1259.0114936991972,579.7820156537405,2607.7237397652407,5.9363854973071284e-05,3129.818436341827,2257.005156094548,118.66837429484639,32.94640478587621,12.52053703743195,1180.7424463855195,519.717984663817,0.0014870542811991072,958.6276579623436,5.4375383021356924,1971.995987833031,3128.8451258285318,383.99718651181536,1357.394374165725,3624.032419362423,3456.449546453764,855.8677889947902,2076.4696058631025,233.29831124238305,1035.178581977326,11.919955969372893,304.6414308168732,1924.8911549050881,2584.8671906370405,26.20538018163967,462.17172055515954,2313.8311082867735,8.308201025012863,0.04957043661750049,331.0260556201248,1731.9110282940815,653.3122108063283,0.0003610288646882509,34.35357896121252,3108.7619132588216,0.4524909122008012,0.029543001055685636,24.317513003726617,666.9095762093954,6.514369643168266,0.006522083549668878,35.756532117136146,1419.8669643476517,1583.6566738419187,1441.3326692159994,87.52732090650778,646.8739897087926,1400.1340000741502,126.5149475438161,3352.3402780431657,2242.610260077002,2.4644014005119175,0.5686085368709541,436.7772506563591,180.88808852344238,0.00835802820807885,1874.6740998067035,657.999084350238,5.4883881318801286e-05,0.03146712156643616,19.584363110841252,630.186227892195,118.73114764716945,1742.7192645622217,4.526502730812865,2773.12400441455,789.2086246572538,2034.9955544140153,2572.002600285826,198.61345189095164,1595.4499375844052,2450.990905777689,1350.8558999013126,2058.983690997307,95.83756205326824,2532.462967097637,699.5025895599816,274.2398843526627,909.2928035373517,144.87584439395982,1242.9753020724804,929.8894908552053,8.941469786805101e-11,0.4531314099778001,3472.555128498436,2214.4959262797042,331.6109837302868,3290.8447792819634,3225.4413751504685,76.97504143575634,0.041163425118440955,5.704641251919327,36.52894054771241,858.0415543584085,14.110459912002625,0.06045761835326857,2417.6478312748204,644.3752871327307,2010.4652788037047,475.34938073889407,96.54644862713803,1236.1605065441222,63.8696408041709,110.28198947199343,2564.7078942584,1.7483167530969013,14.981707342903405,38.13067989063251,2078.41663334033,449.757289053778,13.050123517564884,3126.5947167815743,1.8671468637876387e-06,1689.7413746380657,5.29930596353023,65.02968720121487,1879.2361886742333,1622.5462548884188,383.2575906985249,22.282403967102994,23.261637367359242,305.66753334832725,146.71638345322617
2014-07-12 12:00:00,1412.4593571220917,83.30029971558031,66.57509012758027,534.0022117664107,414.7433205562177,4.404245714795252e-07,1219.3380628223563,66.72511527922615,681.1598821938317,41.903972716480894,0.0030842283804304316,5.793415886930745,326.8207141889077,854.0539444617397,27.209377131722533,170.4397718992454,26.999599140112537,1603.7516763076956,319.2362240175695,2080.06753977436,328.87498414957673,38.73302644294358,182.74839698739817,0.0002676911302614826,663.0948430427858,0.07747279771143667,843.9907563040894,1892.0784850914156,20.254524001403922,2.2046601372949226e-05,0.006791292508694369,2284.6850930545406,1992.352169484099,63.664744429037796,2089.5282246056345,39.426125684361295,1092.8943798908294,221.36164717402562,2020.624041566211,1.1190192891941138,1179.7986677590623,732.5912503024043,33.54173303831226,342.4894631952879,2.792419397072706,2236.4823139434525,586.1517632955564,163.354276593772,0.002373495736151199,1432.4500426655034,1042.4540957805,1901.806767691983,0.10236091459546515,1535.5952292357624,638.3571163803483,160.42849238416505,70.43597778829343,3.688881474772643e-05,2222.8453243224494,588.6725516288602,2117.3344897076136,93.79597050371626,549.2517204365555,0.4128399871568149,5.920198690890345,279.58514075679636,197.71305064172532,2.6899086853441645,34.14365382785445,0.002677855408705909,59.85464802456403,2137.728392871096,29.32742996568885,912.9469027105839,278.41985377434025,1605.4922916273404,1.092856194873093e-05,1944.3742677809494,1511.45623354297,49.401786811056354,93.76669805463416,0.9479462625943711,576.4453150650484,272.12097268385764,0.041140561201927994,739.216059272278,5.259228393564456,954.6381303636914,1959.8436021615344,369.7956558794154,1218.674458753958,2265.422961363996,2205.9261592504085,542.6865527032821,1124.20462707403,136.65120350757383,716.1667187607165,1.1535573316078285,156.0961358981329,1378.7120111057566,1764.1758020558414,54.100208078822845,242.3554675279411,1801.3187281069027,13.725224486434058,0.0961647451372869,704.0854007056715,1295.4584942503204,473.46688978692146,4.578342327477003e-06,13.187033415611438,1809.0964950687269,11.747420528091993,0.000666586882800857,5.076637251043451,238.46589507619157,2.7545700405287903,6.657416804500826e-06,2.0015020867359112,877.7699954471764,969.0154618362553,852.0097867426801,25.59805811652143,493.6969131042054,782.364267125994,131.51061391154656,2168.3488498002407,1300.0856360864568,17.076930549234135,4.640986700520273,528.7880617109,421.06023618712965,0.0005867094077416368,1519.6971491212041,1218.7482293956891,0.0003740040190223226,0.28583200860236957,13.081210936775221,364.7451939548122,19.812196881080013,1037.6572049680747,22.27394397309814,1874.971151958747,433.8631362755806,702.6865172922489,1301.434047821894,72.62921736964182,840.5544641163345,1358.6501227310218,853.3777185911181,1014.0426096319245,49.15401494026065,1918.972576024474,768.2669047075883,127.56209436408597,578.854991527293,43.29125910246273,706.7462146760802,644.1021925548145,1.354578671453055e-08,1.4521676405206563,2045.1668653835486,1065.7495359782938,137.2339450714906,1986.9594620162195,2034.0132672693778,59.12142109553878,0.8627914397578138,10.60977235923042,90.0177899477689,731.548248104526,6.671302997312921,2.299846146747882,1258.7004725185084,574.0495507786119,855.7773329473888,524.4470470679989,90.44430411920274,646.1971108505028,32.86174358059861,69.2171985034712,1700.268700492233,0.015460533345788008,0.41478642185273884,20.80136364018614,1132.1384777012408,214.9797663426255,43.73032635747683,1897.045689618534,4.205207574159431e-06,1685.1270524018203,6.94971286638048,18.06065048748934,1374.3609840228373,1252.103007511857,106.52615790882646,9.029865912639707,21.838251352182965,469.8343078816102,160.19974988402953
2014-07-12 13:00:00,1639.1765496046187,212.70149090697157,64.78304830389175,913.6472289202186,371.95986275784264,3.3352246191498125e-05,1112.6101226138455,43.30700881257047,1478.9089716923042,64.62543652849524,0.05156989331044315,36.24220097797877,502.2835987900036,1110.475734412107,134.60085674149542,449.1728402964669,34.36089430270272,1305.8882690324822,761.7716199404218,1975.5699458064123,335.68926281343556,84.76767081997662,262.3745206897677,0.016659979410860615,766.1702057882695,14.442352210758031,817.291392164399,1887.5616144563016,8.340595793941475,0.00015098399921953387,0.0712622346053422,2102.645390252728,1859.2854494869387,252.83070898145365,2012.0781731462366,27.4801342550179,1631.4482336895742,569.4072959595773,1985.3479827111717,3.189263568653814,1248.9461875004476,846.5928493318529,39.95594366067661,492.8481796922122,4.752440324331133,2051.291450763113,1078.2254480191345,265.30269083703945,0.022255285678966175,1599.4971827886086,1470.8991245299546,1838.4052071084993,0.15290490742120255,1439.1782189014446,750.8217537865664,406.4421329236627,185.22651653139047,0.00018446997830778855,1912.5780976577278,776.9314717738757,1951.0583668190209,120.58043603701185,610.9838519235126,1.94595677988832,11.352344939189948,267.81519122367763,319.6531342441876,0.8934940196704702,59.7823695939195,0.3795154670243619,245.12936666628207,1927.5445535217884,46.37649791540508,826.3158832459471,450.49533942311626,1730.5960410012283,3.183737976542034e-05,1751.4060031064332,1535.1883068955153,119.84437541806744,159.07355642067466,4.486315239647183,432.38887850774074,480.5027988435937,0.030288369118579794,1575.8384134860762,0.4747581109966177,878.2011988215978,2020.495452512007,514.4813006428683,1283.3702645298035,2082.871849323362,2002.1109384741403,618.0631721708605,1108.9980054762998,153.2805809186416,1139.6318270110999,5.04761287794372,284.12545089484814,1395.6815783059274,1967.8588513487732,28.55526816930933,318.7704663161652,1719.505070328016,32.1863582082849,0.42770971223558263,732.5410575849269,1480.848237125742,441.2704911659228,1.9920745444323984e-05,92.26861250585267,1933.671885341486,40.39137232205468,0.4575836832332243,35.42549003631558,643.9641977640442,1.7223089149806583,0.0007025259787951654,26.009621112815807,991.1350679758433,607.6557235365684,1115.7734883090563,69.09122465374799,682.4585176893479,1007.2212312393544,49.46416396163073,1962.6830086190469,1196.3105319817491,26.56176515478859,15.72892235258314,464.77936030147833,622.4804593481102,0.019519479419955132,1447.6589235748884,1350.035084787511,0.00030550543806384667,2.33756705209737,26.61538960502429,774.0734836285569,8.840746070524801,1127.4825073836048,109.96138313813594,1978.218313172786,431.03077383106864,661.7115438081754,1612.4017913510627,253.40199044382558,1049.3793906649423,1825.0925729225232,1203.0072776620564,1500.9181610817354,26.857375882641747,1606.2453782169307,1370.7344663612546,224.4078460555163,1014.8122122135557,130.49781178654547,542.8450370140615,1250.0384214551373,5.26737267136923e-07,1.468397420537599,2041.161788508101,1342.3487598614295,226.25471561465815,2054.7547629158,2004.1039711846947,116.2606089118184,0.6542612102399517,0.05000027338326163,157.96784856404662,1117.4640134047293,11.849575963510802,8.381358953279232,1078.438847134154,942.3636505633908,704.6490307922683,337.48883779484845,246.04477695654953,769.06751872525,2.2553321456681488,115.83305212329384,1817.3159491730546,0.18945049501121503,3.634609315894977,25.385700409921753,1032.8237979214093,324.8805406184656,110.46625913634739,1964.389512556859,4.1602527630857367e-05,1314.5940777293406,33.98554796997928,74.36639986268636,1532.608347580594,994.7729520550297,185.8008374835838,39.75546561096195,44.01650860884155,605.7664742478845,45.978707062997614
2014-07-12 14:00:00,3170.9938340547064,1055.6300255593123,388.19439879346976,2045.6087002078334,650.3438819362698,0.5059697219969621,1499.8167842977,170.25405177928747,1727.9657678060294,258.06552467491036,1.008933978961295,164.51933708938833,900.8842675167385,2195.9792327294326,138.27811768546053,756.9777127978359,76.95353447007255,2319.857171189223,944.451298376803,3442.323411895488,620.6522285294773,83.70490076098133,1376.709049289049,3.7050552112724517,2279.043701390893,48.999836555817296,1339.93060453246,3173.9374707902043,232.8558235672773,0.6263325569218523,3.734738523646456,3650.719934291353,2987.094088081808,1416.8239879806852,3465.8419065399034,184.13099445586363,2660.284852518793,1907.2090395150326,3359.50112093677,19.507143809015133,2742.6427288237555,1538.079952092517,268.01373582102303,1225.2179433128706,58.86677313108203,3614.866224561122,1689.4234164654333,393.8969368453903,0.6854533108463556,2838.890322445049,2817.5361650985205,3099.666082794785,1.6772419582405291,2190.4704138908187,1266.6455369347905,1238.7195864408409,374.7737949449567,0.5175509306944832,3099.2959306232738,1504.3631478813995,3316.0101386283814,537.4764148274659,1580.7535098724836,86.15457185210619,134.24171785097667,164.27434768849878,904.8503890899879,9.197883094693111,25.634812933564717,6.391166337395475,639.490273606394,3498.1545650903868,31.032307161033714,1788.5940441836233,612.0011407120651,2942.1864327359426,0.5121316976101298,2998.6391823256113,2706.70316263242,510.17814012531863,287.61831011000623,73.1856124571658,1057.1669131352262,533.6511036314201,18.454635588368888,2968.1464663317192,5.231057437258528,1848.3410930782716,3523.6621929280946,1164.8166935032616,1835.947923609263,3623.6890244161345,3443.984238955232,1592.7592085543477,1803.875962679464,175.34989762418866,945.0048095429456,14.74360382438158,830.4481499494565,2291.3902238481883,3373.773365764363,70.99791704392521,853.74560374997,2616.297313410933,279.65482048817216,2.32496493934741,793.4194493644422,2419.7221795541614,625.3736634727782,0.8140557533282617,173.1653415242008,3325.3201864205985,122.8982564228869,3.727015101566394,272.04493042681014,1936.9703828891347,6.046703478150789,0.5053275161692454,125.03874329726511,1188.1582378158168,1316.999805684828,1713.8665830238274,278.3332823975813,1128.819809789989,1589.9987663014226,214.3041789509125,3298.3153702834597,1443.4310457481806,253.63630850798688,35.7632446133548,1157.7286842590138,638.301234634652,1.117571829739063,2496.460821016704,2568.9273183142336,0.5856053792194871,5.738161432210745,140.6387949654869,1095.7571415063076,88.34505138457075,1747.5541753884813,154.88326783931973,3265.8100250134726,334.9752168728912,1191.4922853887474,2782.9917682019636,335.3716825016121,2617.1995237181245,3200.9972240281127,2486.3334746710925,1325.084520795208,240.03712140092188,2589.942969613436,1912.1658602872408,432.1966040567079,1525.3319356792285,212.5070821185667,1218.7327725975892,2831.9642300397786,0.5047985923661145,2.5393303441235275,3440.876233338417,2303.421867449623,419.43286481903954,3590.3719140596763,3510.633385161072,448.23320446698233,21.375454993109997,1.9038365051023902,725.46938857857,1857.798992639216,194.4582645805732,15.760419139224496,2065.7054138034537,2730.5492175428817,1167.3762771744625,880.8643506118207,404.96581008783454,1141.1100787829719,112.42748111835078,355.48615036885184,3187.2695757229694,8.353380727436388,48.924536747577235,38.38281323638887,1817.7263829209805,643.5426275039338,85.23960090620074,3368.348844968145,0.5115884123525802,2708.13870933219,60.37807665334287,413.99800977059266,2563.3104056658917,1741.4254563279387,425.8733362166942,77.77902465189402,379.6294128976121,1976.9438762619006,115.53508832459408
2014-07-12 15:00:00,2092.7715009700164,623.9026000610908,386.2130245591997,1614.6182251978064,761.802116822847,0.01927190497178799,1333.5843761341575,175.2428133600814,1312.0486515615137,299.6318599221895,0.37130909812594837,93.02433474790405,622.7968485002863,1319.6486217456427,167.96720844136894,1048.88006751227,127.62501779438605,1606.3316017367745,826.3417843790272,2297.936229535379,900.419267516977,125.73557553461012,444.783767034919,9.784116166390845,1634.799536436516,59.85332933083919,839.927462114271,2256.566366138631,195.09584576387567,0.06485372481677132,8.883756734515828,2373.0772269732893,2152.2910554583605,1112.9923408781883,2248.793719033928,803.1095816063907,1622.5171957155965,1473.576542571996,2331.601584990333,33.01567409029781,2026.9652978635827,1420.4090693964692,364.2147521900024,676.0644059129077,58.07082628802664,2349.5618808480017,1204.1153443974913,48.42402369423621,1.9769915175334063,2204.2050936419364,1766.6458842799714,1937.0874422742293,1.2401131279353876,1515.9725408959546,908.542848973665,911.0281671786593,566.779578636389,0.23844564718251604,2302.8774862649975,990.7833027829454,2165.2675111775097,648.3436688653491,1372.7591764382082,162.97655150304456,180.71590089894312,164.4194152143566,1060.8198344237685,42.54938887184528,80.40020766815599,12.492846854543473,1028.904855381895,2331.2049318963063,96.77388757368271,1424.2963876006581,1003.9076831546441,2006.939944722835,0.31247382466392537,2173.562149823039,1980.4675875837072,556.1435828406192,265.42799514185936,115.87302569506596,1498.8924916100477,689.9381042374997,5.121552285326402,1986.8757803581873,56.817355520113324,1808.9320318469604,2273.268447886279,1068.3339039798695,1287.0279565713806,2367.254386917281,2294.8799429386017,1107.4659280943022,995.4870642714103,215.87270597982467,923.0178939961324,60.77267753652643,515.2211502110209,1634.8476984690458,2294.755188682324,156.2308914423238,503.7412502936328,2066.372319282953,284.57886724163995,8.792374573032816,1281.66618418667,1803.2886180132584,851.4334569143282,3.758216898060141,80.0750083373756,1959.570946283271,368.20266417151515,22.092811709003286,155.29033742484557,1454.6279565893606,4.016272404116648,0.0028208921030454803,193.7763326325279,1463.4728524476714,1390.4979163879323,1352.115503465629,362.3757654577066,1016.8160738449383,1256.753141757251,163.76291282103023,2231.5583946372567,1349.1531450833234,751.0703230003217,106.67584429127965,1279.4312825887969,800.1453922572704,0.9373661032428799,1472.4579614256297,1827.650573868964,0.21030627011396064,11.91671117076612,191.07123086142406,1414.0930507394992,210.83841997170396,1306.2086907367595,404.90120136791006,2185.132079656558,364.8681921272273,1062.5267694432332,1747.5744786838827,311.08037444614365,1942.4394431815017,2187.2832351534657,1441.0392565919885,1529.72968837164,511.1459307543536,1799.5829276478214,1690.5398532106885,455.8507489169874,1329.1032446234653,246.07570274631473,994.1624740590929,1628.3092538968558,0.01491822478578797,4.014984192738552,2274.328724307642,1728.1910651893102,498.03256013725763,2339.983134092109,2333.6690648179947,752.7005866322622,22.190330977701024,29.448138385635616,1096.3847855882257,1447.0454070452051,110.74602110539001,64.87800444196307,1903.565690864327,2056.580923819644,867.6797234792547,901.3687517928342,157.6464636126044,1181.319198842525,65.97145811376436,322.0809163970906,2041.8387418573316,7.093249838739098,17.27545651380035,165.49973455346083,1217.7347662737054,691.348743769711,37.07812379462996,2306.0857733017947,0.01477847552177991,2107.8924298797997,133.96891949721066,182.90793721558634,1946.3065764274786,1371.983381342693,1264.859568888924,148.1643261485773,245.53417265438145,1772.293229524749,119.28948208563679
2014-07-12 16:00:00,3240.3535560574974,1317.418655530961,918.4888350150459,2556.582162075888,1801.9118225517955,60.49698393736321,2407.476731390202,482.57499544011125,2578.280654259047,965.0426772773193,157.24092185674067,698.7494350071985,1466.220463661206,1760.8892921813515,694.1576665365308,2075.507121749557,386.09165336001104,2371.7977630320092,1672.0823656048042,3478.466717190078,1686.5372771622383,525.6781324874987,1260.9443760994272,159.60099944190188,2581.2902552378537,578.1078678858541,2373.488450468537,3513.8229582059225,971.3660539993896,59.931257802022174,148.79289695050466,3658.49,3162.200546481771,1391.1704934530912,3112.7404512833937,1744.3431381046764,3078.300510754132,1835.2230444269435,3431.9140710283887,446.6280809300117,2827.835918468387,2458.5031141685404,873.0162111723605,1882.1047978538877,719.3294760040981,3630.9527114541256,2011.0123358936905,668.8929407394477,107.30414279557772,3119.669967269532,3016.419596762329,3049.074773746831,70.23920119165768,2139.8051331718525,1687.2888337530853,1721.14624394276,1926.3173335806039,89.54533167606996,3430.101508494355,1613.0256051950712,3306.4488647510343,1166.2947884749774,1914.944290073293,415.1346573049061,960.2003303454492,302.72081391984875,2015.2310061731057,936.8778960487813,510.4131198339819,367.9774301369472,1692.2789109465625,3612.4275205707695,911.2537360764088,2208.783134181629,1434.836883610904,3169.9262234359285,82.89792410426344,3242.3947616551322,2592.864357074852,721.1577210854717,637.0956576127965,848.1564713123695,2630.8549383492846,1866.6432804286483,229.46038511568122,2906.8188922257077,523.13032083536,2595.7051046197203,3476.358279071222,2148.0581224040707,2199.8678812780054,3658.49,3582.9539188283566,2214.9342058891007,1442.6333357737615,1043.415463141058,1487.1162117204271,663.5409044752167,973.4736781698958,2668.1559735055143,3440.5940170410536,422.61227870729556,1048.964755676177,3268.3039656970514,1036.4775267616544,345.0761628753071,2185.0527466107023,2767.332482610459,2393.651498055856,147.58283906804536,420.64036763115655,2722.1759136866804,1199.6810971418631,445.3382113917064,448.87685075539355,2369.6541105462156,157.2267152755121,58.31971650215064,595.418035451611,2244.7956710711933,2050.8509830066787,2109.097625758087,942.4523326325536,1618.978666887256,1649.6525815814298,558.56206087755,3373.054387734645,2535.4433296477146,1386.3847015944798,552.6143124460666,2477.2902279417203,1341.0498958855546,151.7449064665841,2121.097143936002,2982.094132087026,65.58480106858906,415.2801750777779,1004.009650892259,2787.6978442513673,472.6518352289037,1535.2372472303905,507.6046674714894,3416.365981045024,732.4490906590921,1940.9685209247748,3054.4534061272216,850.4941101886735,3343.144419981935,3313.8433172933073,2318.12503004467,2381.6189827757744,1230.720628030155,2200.8660048823403,2179.2538472695696,1315.2496149222839,1905.302436539226,844.4474791588734,1280.8558503905533,2093.8099380088042,58.296357734133835,235.75559619645333,3343.8336671770016,2982.9840594827756,618.7871887184145,3488.0146494443748,3536.6042200303723,1479.3372092077725,406.2459720286977,442.7219587379243,1474.9282185095626,2517.3078075637513,519.2413950141804,483.53657767845925,2505.6354378101605,3282.184876149482,1760.6753914461292,1410.6386302542296,473.8236440248504,1886.8631883941612,689.4080024327149,858.7230037200419,3363.2482153560436,165.53980475088997,235.30840505876654,567.181602931713,1927.7258817133188,1380.4731271054538,362.1778359951734,3405.0724117350087,71.52236900614753,2936.7812567791143,310.41762240258004,718.7428226074292,3138.893731920575,2458.6948761855965,2049.2855908558704,797.1409011660113,570.1124245540399,2749.0869175624584,333.5147742665796
2014-07-12 17:00:00,1959.9572322500558,1206.2051387992194,974.5120349647569,1936.5290224451844,1503.50981108407,27.174691014216933,2074.6751136017674,446.69088810916287,1894.3075752174695,960.508322999718,107.77184100442923,738.3617729605362,1311.7144650145783,1377.144106386765,765.7677153579398,1685.9260697223267,461.3495113148422,1999.3607868212277,1480.1530945959487,2207.8392178822387,1378.423880356261,464.43798363171186,929.0111699449146,159.38376844557297,1686.9289444064955,497.2243370188596,1683.1067964697986,2223.3823133371916,923.9315999236742,21.517858040448118,265.38800432746893,2230.7031441528407,2099.639297166016,1605.377245120585,2163.229327406748,1170.5519844886717,2086.3744535051055,1378.8264495426463,2210.457605823178,405.74523382166876,1679.6829776975076,1794.3985317167962,873.502002675164,1540.9801187012292,668.3630479830795,2211.914105939384,1364.2017200500704,855.1784237647562,78.12738387043055,1990.3388344918997,2144.125039943131,2102.4722165751155,57.638959864417984,1671.2322268539097,1490.2824408360968,1553.386971432185,1634.2560604186917,83.24190464948083,2197.466174776504,1497.7394386568676,2157.6174723221757,1199.5604339319193,1506.4287698803248,430.95612657310016,1245.093672942283,532.1541618832132,1553.2195199439723,838.6635909183161,762.1039846993465,505.5124210653894,1117.1746399118567,2220.414633993102,852.2195207493661,1540.2390504949049,1527.591705232982,2128.7777911017083,59.41548204725973,2108.6688399951036,1875.6210036546336,533.7235614006811,774.0601680352336,728.4713340637943,1659.0031915708128,1613.7034969667022,162.22192817903533,1864.6375734708197,740.8050593387468,1957.3683391714999,2198.818701099395,1468.4468973877686,1469.0488340500417,2231.3934114507165,2219.029512493871,1848.1952158535225,1392.8933218334828,898.6565256806764,1483.1999143570563,557.3186166335702,513.842416281348,1797.9325947006462,2181.6699114272724,458.2944558304091,1018.2797156352221,2026.1439942330371,938.915365510992,313.62090804239347,1534.3645486088412,1940.521156131945,1726.025279939289,297.574885697127,603.2478597105812,1922.0470083159817,1116.8346781454932,370.38567584206976,636.8930277160714,1720.0847746720758,139.42177787669357,19.980699203621498,949.199248676171,1639.9674340808435,1557.9413297142019,1445.1079139632736,1165.532938172601,1481.7876588273386,1232.0677075735075,532.7150850390294,2133.2183599862083,1953.0081485661728,1262.9942166945198,511.7699857674618,1853.6001227241356,1096.4925971886228,248.7333191526693,1217.9948784613996,1859.6152936580206,54.36041739093025,319.13489767090346,912.3529490275649,1760.4874886245454,882.6556108105614,1749.7999049974724,422.1542628491186,2215.322480130013,888.8982861685147,1774.921342721604,2082.5248405079883,772.468299970609,2195.935509359604,2145.050994478741,1566.603395706397,1865.771840703376,1190.4486756689018,1585.620398893392,1729.3191423520234,1112.2988097079951,1373.888842153226,835.3198598077723,1316.0728279062196,1606.2802315509439,13.07548632706721,209.5145445231551,2183.854097613693,2026.3364591890715,671.2516385317315,2217.735899345793,2206.8736721542364,956.6170576272237,467.53120775182947,481.35188226512605,1393.8846181444442,1732.4876390534353,844.1985121445232,572.036858619751,1751.0215877210967,2115.8995231583876,1341.3938533296077,1466.6547311597824,354.4039725262087,1390.9290044330764,580.7498753510793,694.3902967659176,2111.734615200631,215.21198289632525,201.3454064019354,608.2433916845223,1282.3133942934664,1171.7041129696265,257.90440847656873,2129.593344291957,60.20755739583046,1762.3358756321004,288.79426219797915,771.78358831212,2091.179490372312,1847.5724706968579,1616.1705100206182,1174.9161282033203,568.0008312199277,1938.205982649822,899.7169506343856
2014-07-12 18:00:00,2476.7542920395686,1587.2720720644718,1152.1842755340945,2657.859362112842,2160.6278961086946,95.70893893627908,2633.2997652783956,647.6288867670919,2384.5785162603597,1270.9313531011571,372.838829784788,942.5870400721487,1497.5303965890052,1800.9973581988143,1347.608933657944,2187.5277487928165,644.5292104429518,2671.2245482419426,2288.7257209888867,2885.903661102733,1462.9419292739328,799.4730759619147,1352.306131139055,593.1972875554766,2130.5466395358626,626.5379405394347,2373.1092086142285,2846.1689477239024,1479.6819289334876,146.97284901027024,402.6579569159512,2876.909871033101,2604.8080104544347,2102.1755324779597,2737.5434129345585,1583.874146765349,2571.5656860544545,1889.1139600636395,2863.539314578105,691.4400207594388,2067.7909251157826,2443.0161165507416,1095.175278338967,1787.3128207889963,1365.2582657781447,2883.8974953005563,1656.6092389915896,1730.7665062087026,354.03875707164343,2429.517556099134,2614.3213189359567,2737.1545056194022,168.7199375950986,2300.4224028632407,2053.1145304445013,2262.3463713453143,2161.913643208558,107.17295110039049,2884.9443729728428,2353.6725142170194,2659.6684018939814,2041.9438965530608,1855.7563152038474,922.8705669542005,1677.0369789821445,1211.347961016328,2140.964651366912,1013.624188539548,1585.8036889218558,771.8258394957782,1271.1792520736628,2874.0350788460346,990.7543006848141,2318.766826244399,2287.2547235624606,2840.434460376457,260.4385212575255,2744.6885674066857,2638.6561541078813,1162.6611596382352,1194.5443273943615,1327.4292925264438,1852.8926644856429,1633.5908855706177,655.0005521009816,2491.5923750874895,1027.5285933430546,2371.332392777846,2835.4199187322174,2385.809373089593,2214.4808991857362,2897.7268943227855,2903.3723451147375,2483.361964835594,2088.606366450236,1168.9466938917599,2199.06132946289,727.7501586412839,813.4012112136265,2236.6740367381785,2573.8851402216783,728.5450927224047,1576.418394067084,2600.466659657619,1078.0785742878284,417.1497145511105,2181.3838451583415,2454.573014024079,2020.200678251285,339.1784970367771,1038.2411339411435,2412.0727522872235,1404.2192523801712,848.6596163605675,1200.9149606683698,2300.643168395418,457.17629116840544,103.79291280413827,1367.0483673180513,2027.869444622028,1992.350697070396,2091.3565249747403,1473.799170570804,2167.1293741043455,1914.6221634699878,907.1020918250076,2596.143328615703,2604.260478679473,1438.5475540414357,507.7971767371255,2423.424897069368,1564.978904888856,442.6147832681222,1627.6902495401075,2393.5060484234423,236.59189600026252,617.8844264463391,1354.1246661932405,2373.6300151758346,1928.8632472884965,2194.7572020660455,824.4671526455245,2901.008844173345,1373.8464358438673,2407.4830933248545,2745.1927959513546,1435.1711769982992,2781.3679097982995,2734.523781562321,1949.3917285830846,2342.4706999934847,1282.5658692032798,1950.2128883741782,2401.7612485317673,1746.2570940964115,1959.5137702561933,1326.9793398700413,1593.6756524198997,1766.1926116738,65.80770197434822,481.2791615591166,2747.308063570648,2515.027547293309,1003.1028546752968,2854.296778823469,2805.268050440783,1206.5772380216958,591.4585488338007,1043.3256369138717,1717.7572987839606,2163.2363183337843,1194.641169433992,903.0668690770653,2056.2428287509038,2637.6257801894144,2118.9558077010315,2099.2855816707706,907.2110087337701,1889.364909113295,998.7620927736934,744.3836884425959,2761.131713932664,519.7526545566063,341.6041525929013,876.3478456215557,1977.022925145389,1434.0696616544144,631.6009915311733,2741.346525543133,320.4570743123909,2130.0633678207173,420.87436629293757,1220.4982422958153,2555.213371839495,2235.7909491095584,2401.941998304389,1792.7913659150279,1374.6129515013372,2464.447710526025,1245.6342523152666
2014-07-12 19:00:00,2923.1001329452833,2068.481486335748,1204.6305133985338,2974.8101850208727,2627.0835165383346,167.78708399765947,2959.0849811408116,754.002282593809,2314.347417189379,1120.6765775892643,343.29970516360663,868.0588693536324,1572.9881376037636,1702.0514983842047,1336.5307267225069,2399.7534875510346,1048.8556621743555,2909.900293746354,2688.576546157353,3119.7162948595524,1934.5015535864802,907.6066000258809,1308.0870147611727,464.3153920099048,2298.2910149377285,900.9209505498491,2737.747288533863,3048.940021034366,1486.4855986332836,155.88522730482646,234.28559123575906,3107.8379828352117,2982.7131457101264,2332.9184420666534,3027.634425352759,1809.5368694834838,2952.552002370794,2092.478588256511,3119.711451536038,768.5206341876728,1979.9103971204443,2532.5494916672606,1298.2103762030808,1857.8666863460223,1326.6306897710883,3131.002600216247,1987.104751097345,2118.478242053311,344.28117169795905,2757.9416304957986,2945.117743110752,3064.3400645751067,192.09304218066654,2924.226643152394,2569.3621630674834,2593.3039878662307,2488.783261517727,105.29390484829764,3133.760313169154,2844.032301286531,2937.9245015594993,2556.671982525652,2347.4311575718316,1623.9361199453024,1624.4234673263115,1085.6576351232325,2469.3217420290225,1051.6645960214535,1835.3702039676548,1057.520983382898,1737.6350791663606,3131.54072302168,1307.546724580116,2667.9018903706688,1988.6720738937422,3014.751171557453,260.4202994603088,3074.535588491491,3011.1171148472454,1493.9230590803274,1270.3851638487065,1440.309057483612,2324.7469337684183,2022.7346466739496,732.814415750041,2846.0560205738548,802.4216905608635,2719.5154860890543,3090.975478792011,2863.5460242379254,2573.747812857574,3138.805170418188,3128.113381923638,2748.218372394909,2002.3722385186893,1768.7394131582862,2500.8279362833164,1101.1272249090055,1042.7625747175505,2522.635282821841,2875.227751334412,729.241383183652,2122.741179926965,2882.0184577397654,1328.9925767317457,559.5257043015981,2519.2501954255217,2873.797372191518,2460.4625529533955,223.63459062820903,1554.2714216387312,2816.967674698034,1229.007668635036,1063.8732165343918,1014.3837186678898,2630.11706189141,534.477050558042,109.61042374512135,1659.8524113868675,2135.836975377343,2170.1790083147516,2103.2123183004596,1811.90898778264,2561.880361429141,2628.917624655596,887.0409728616237,3077.4536229695996,2867.561568442824,1447.6782918830957,667.4424828489921,2630.846652258889,1609.4578124587915,351.4695872381262,1859.8325522763444,2856.9395502352786,218.1094602549747,835.8974142424286,1798.2093954588006,2568.2300633160103,2685.8197064325705,2732.7377304146917,1062.2044191929199,3133.5097273902957,1549.3821810638826,2439.6755401839696,2873.3226467433947,1159.9151795634923,3086.6455835888282,3040.9736421940065,1710.4898017585153,2781.591160183796,2046.3629720006832,2110.2976418214016,2622.571967000363,1770.0759686582476,2006.8713478738362,1659.849132264902,1845.7527217373752,2198.6910664746647,89.27855859254078,632.396765418091,3056.7258778970663,2678.7026973714,1123.4822480438797,3125.7985466836803,2976.8028761869264,1104.71109855982,1175.1889742206065,1435.2413971118588,2204.035455616536,2226.707439475768,1055.3486381570997,1573.5880918938726,2225.110554159393,2797.021349382201,2052.150761018017,2205.9831936891,1008.0265404116244,2367.666330511423,1088.3827800127322,927.7631489328805,2985.970090033589,690.1506468511793,509.1207166929298,760.9068026814386,2648.850376761325,1650.5040734126019,489.1971844995528,3092.4434774254173,284.2607254679433,2299.7352433634746,708.8356306741239,1390.0775021449438,2747.7092465522533,2709.701066499175,2652.4278899061997,1920.3873687956316,1329.2932630411012,2857.750196395833,1432.7133274783457
2014-07-12 20:00:00,2945.5209500129554,1465.5585437511434,1373.1448311584113,2902.091039369836,2637.7142668979473,214.09244267801796,2962.1726958108975,1019.2824075239023,2441.2953622600326,1156.9190751180963,653.4588119235118,874.2150793951837,1255.9291822583239,1877.1394984304393,1526.0328840911968,2545.2618931268926,1256.626398730582,3009.5941297241307,2623.8033456060593,3208.9997292167614,1845.69566403475,930.844035403406,1760.104595388446,458.1672398311953,2301.6793393229223,975.7478985127966,2742.2802332882816,3085.270764584253,1794.2346882156776,289.63940306919267,350.6979066638023,3169.436900484092,3093.415033559965,2171.864189170479,3168.4214975010123,2013.4810307436987,3060.8970012727273,1969.130132703462,3183.395376958299,1149.086861130023,2147.583590190393,2626.3682087815446,1384.4321855899725,2016.8783163235769,1079.8053375220118,3221.494220217838,2068.5727314035857,2131.482639683969,422.1001176433865,2989.1073418267847,2981.208930042253,3060.3532437494696,321.14321503730434,3056.662746329925,2570.4355054872394,2384.7505582184854,2427.2949234482885,192.45383952676866,3222.4139283358277,2832.6671633906876,2962.781255778906,2586.618693597719,2475.402762246068,1646.7086526301362,1866.27779691135,1115.4185956010915,2805.156722978816,950.9540629536859,1863.2772597603641,822.3865747157481,1973.152553358633,3180.315564944662,1230.5470148968468,2797.6721576548875,1537.5297138741648,3115.0071696691,256.5314487383548,3143.7656572650885,3086.1960305819316,1722.5830204898887,1539.8590325106416,2025.7635511907104,2549.8085439145166,2488.30068109574,1043.4118604671662,2589.885670642189,1089.0165343340748,2995.374675682738,3202.411139290294,2722.3258330961444,2722.6032547839523,3204.509509061971,3195.7413520181367,2405.759322874482,1681.0317989076364,2043.720677363605,2510.9110668417825,1354.4333041952943,1390.076237628077,2515.8651649848434,2984.5077138059733,754.1083903505191,2394.9382470895357,2911.8368594578815,1486.782881672317,750.3375519283491,2580.8593794620792,2834.6209753246753,2255.1758359976097,204.79398214757794,1192.0501501935812,2725.0583134853114,980.7290689475017,992.533890762059,982.9194865841887,2597.2762248964327,458.4298798685245,174.6081931352237,2026.7779714393553,2492.9373074281566,2335.8320372417,2085.077579237567,1507.756606217412,2868.6168674386513,2158.555369761462,1000.6743006205677,3143.8315326571505,2994.8643832323696,1493.0111862543881,1206.7152167023032,2521.7791484293625,1601.822317808,470.21594851439886,1995.2759837852564,2643.2226189745757,224.35505192953678,1002.3902209194812,1763.6256273426736,2546.3677032010546,2234.6713656541647,2691.7501519864445,870.1508006560446,3222.4585241135123,1437.2665197568983,2712.227759795101,2898.3900717443767,1056.0536055054004,3165.4943637741844,3016.619482660216,1821.2894228928365,2697.0088514774698,1925.2392000999241,1925.7466519524394,2848.8777204066123,1901.017296630427,2173.251347693804,1533.985025038633,2042.959053345633,2445.842580072032,211.38760210980263,733.2711373517645,3173.886455687726,2931.4685266222054,1343.5746385976022,3219.208418487491,3002.2163175613346,1309.47969843908,1061.1795820096381,1480.4688762566504,2143.5271140364293,2427.202566220375,1415.7164057765879,984.2127333050048,2140.1843041407174,2991.752547852119,2443.0373804425053,2498.7439559848885,801.4204416501084,2011.8883962041166,1103.4030634375727,1157.2081301096568,2842.6897995645318,695.6905679386496,584.20905171197,901.135281956007,2490.9859067731313,1738.4001024539625,589.0039430049267,3197.1515347970826,586.6359634075272,2552.13581613115,1097.6206880188656,1928.7256664678732,2639.18959030658,2770.6883579091514,2512.013059812386,1607.626983387574,1510.358256553627,2913.8181617530718,1521.913692414883
2014-07-12 21:00:00,2962.9536822016953,2039.3571720146588,1535.8285669563654,2498.759621254052,2478.8970681835026,186.17322014465162,2961.5274549016517,989.9368524158717,2300.567360281582,956.4517785668927,625.2418095918629,996.6348968050354,1437.6095803436292,1776.1024579055857,1445.3600266500346,2050.0676379056104,1169.809136256278,3014.362027752202,2854.810957684696,3190.8761818639373,1549.861448471399,511.0588303181937,1914.2107072619058,373.5738581067162,2534.4594782583995,976.7461374034633,2307.8252030609033,3110.5209862759484,1636.618498580704,318.1911353010364,355.4071077159706,3120.351184534247,3104.637107490095,2032.6694505507496,3107.425854238074,2090.475508853472,2910.8089192260445,1933.1620158228234,3158.370333892456,1286.2833457665015,2093.5576334745774,2451.778448939267,1277.823195222012,1980.0395854769804,1129.9209340932803,3202.891341200235,2018.3703655675395,2302.353224513097,523.8612225021752,2893.558200639622,3035.4504204732816,2942.6331917616917,295.45546018749974,3154.5215290500983,2488.2366071508986,2422.156706374531,2612.3860126991167,173.10648382184445,3197.0334400545667,2526.8273417250994,2958.867729437239,2137.1837772189037,2132.66663759153,1385.8160426657753,1745.5925294025733,745.967500242793,2739.3623128068807,1185.2519203859952,1927.0211935671693,676.2393624346914,1723.3929129215949,3179.9346537458505,1400.5592888951062,2640.3852123157967,1512.353842575734,3017.1058210897877,210.8926656046765,3100.3238140203944,3017.5174210630094,1620.3212684278685,2120.7869075476374,1842.6768805787126,2236.281459280698,2814.3431316818965,860.1269081497519,2790.8569008526933,969.0910500046148,2985.3216539318023,3197.8790013407074,2489.0808311961882,2750.411093476461,3164.7317076600125,3165.71025284761,2506.569389976791,1999.6886736882207,2156.4387465547757,2858.5552423578747,1391.6356454897712,1445.2487317656044,2670.6228597909967,2833.711384212153,622.3272635788444,1881.0850942932727,2708.5103685261943,1809.9517843670083,669.5582665419752,2555.2312181544567,2874.7460519955566,2372.636352825363,197.58177041798172,1514.1197453970908,2498.2290352902523,1243.9655724578245,909.5446776691194,1086.3263205185863,2525.679174853273,296.43433103052394,162.53224519844298,1802.6918754464193,2834.3158942269215,2296.050764175874,2109.552555392067,1584.951611913633,2887.2763578533127,2411.661374027593,994.6090054641827,3147.4177622299076,3078.580180593068,1615.1282705667675,1139.6294599472772,2387.026877392609,2257.579461032487,447.8394194221255,1919.0164152398474,2406.8612365104914,258.17952049728,877.6015963533409,1667.7995075451083,2463.550129816755,2373.493745509173,2766.372852468385,696.104031503851,3199.175572525385,1290.6846634823569,2723.0525524417326,2686.816887775606,984.3356719993085,3022.3588676251347,2774.8360623207304,2000.4819827291617,2629.7040260819776,2261.470661010518,2194.386030896961,3042.416229790568,1999.7912113239847,2616.5558531462702,1605.351858012449,1984.2052311670163,2437.1346287972783,286.6986683292771,812.8256977227195,3109.421845233874,3065.9876308987145,1216.8040576163796,3187.461999452429,3108.287760105027,1258.5553107257044,769.4833272079932,1453.2852540930035,1821.3084463573957,2365.1231170629994,1418.8634827271637,872.6483507520074,2406.4159844850337,2970.786409435019,2644.9302753450156,2435.5632572511913,742.1441981532284,2139.1423772774024,1619.2161417392206,1124.3862629602522,2849.1282227128286,643.8537328072282,668.8675762404823,988.1900973784668,2372.3335883830296,1760.8853279723194,600.8741140199973,3177.918086895418,523.1314298399495,2315.76173336834,531.3989888332126,1620.1819464072628,2697.685407446224,2920.4116452371586,2571.1830056640183,1579.81754824216,1598.1333390627528,2868.2709638708275,1113.802907756158
2014-07-12 22:00:00,3043.5632562616925,1713.2886020142553,1668.686810573584,2841.1857341728246,2250.8808159642617,199.87082232157127,3003.2673751767397,1098.3536985337955,2347.6431806512633,1082.2013570850495,985.8732141688051,1069.392471705431,1558.9196672003636,1919.847977311347,1445.04031131136,2055.9461398318626,1335.8373275440388,2975.7169660054515,2856.788996008918,3167.1727486027594,1793.0005532588063,1002.7222944015907,1979.4630692236003,322.7259872513887,2492.275291319729,1278.2326876877414,2340.762165415016,3139.877822307671,1495.8417323580247,442.542840082996,340.3348697656802,3189.8062644088186,3011.0400791781217,1909.4305571890864,3038.283330698335,1850.8428736342655,2939.7967472471055,1714.9507240483679,3134.8834056719693,1040.041011818898,2228.747449339151,2696.1581994138905,1530.8649093976865,1924.9419732018366,759.7752158044798,3197.458271431992,2362.0524924391116,2415.3050257802165,543.1227525191814,2858.286274311558,2997.7276865851154,2973.8808965654016,325.8996127844889,3130.7968696278863,2216.0684943459173,2502.237657778629,2565.231678118157,202.72864308942644,3195.7552825788352,2748.040607583598,3060.568396153026,2283.689829952268,2416.305870584685,1477.4406463314697,2019.8448826169224,971.0674342064744,2878.9566175693344,1271.6579961528025,2189.435322590914,718.4643599857845,1624.1075342727856,3187.203843714529,1337.1285863246965,2647.000245789521,1817.6961963675574,2882.3731471209376,288.6418474559782,3011.3949044579995,3096.31920865203,2099.592248043705,1995.2366926365523,1802.371816413609,2262.9539462653884,2752.762318342857,1163.717737990614,2893.6746415967636,716.4059417470658,3061.805282036586,3146.5940895429508,2651.7286040513154,2779.5092193988803,3103.2123007123714,3155.4425648644296,2603.3550155319726,2418.3218992001216,2091.7644257653574,2995.154368449592,973.7876841575255,1099.8063913567003,2315.2187094683713,2673.877512636191,483.24811324167035,1846.8412950085913,2377.9978959320774,1765.8492786767795,537.4198391613531,2239.155990596906,2797.0594837493236,2481.9359650409815,335.8558429577397,1365.7124593138165,2448.3912523140343,996.7006215220044,954.3967348719943,1065.403985824936,2597.2913733330097,206.19657997810555,204.6615984057098,1485.6346361701817,2793.5855495310852,2306.696080533773,1993.3280339912353,1876.8946833227296,2945.2920302927405,2626.03164814646,736.5268899533621,3147.5341669608647,2660.287907400403,1795.9419969800836,1385.446794147774,2188.5513377047223,2311.639122419621,730.9223906473894,2371.1659330769276,2632.268907973793,395.4407233421739,901.6546368458887,1681.0253929326161,2655.657306843131,2244.0880923882514,2677.639493793848,614.6444056888163,3182.3272487326763,1697.327082394942,2792.3423203703683,2942.116985102321,772.9845704871084,2872.813094801951,2764.0088724270277,2329.0603184823035,2869.6280295615506,2107.6860797157824,2567.7968590172463,3036.9757296239864,2156.8275092713257,2262.834143833305,1462.1434325111195,2237.4260747534418,2322.32823720999,218.60634377040242,933.4975408141804,3077.721416378408,3079.8522520764627,1274.2529202387616,3191.2106089346903,3121.1430825670186,1200.738441381323,1018.778740647205,1489.3012765302349,1492.0980832269265,2215.8644736718707,1057.5459924629104,613.702657809795,2511.697810940109,2692.892253453559,2498.1221193695255,2680.5008999113425,776.435980835322,2284.5961179825977,1423.710667010096,1528.535124589499,2867.1460069791137,1099.8463250828609,1279.4521094624515,929.0191525667869,2019.1714495423353,1833.4621971127506,715.7547003301379,3139.558572508969,501.4584963996981,2114.226901154383,397.45786218032026,1289.1558307594582,2602.4390900102094,2893.7212778343164,2476.3080382253324,1761.004457940093,1422.6117326342567,2477.870445830358,1162.0953250619903
2014-07-12 23:00:00,3034.4846428079936,1750.461520554924,1687.0550627757991,2460.5670617410838,1926.7327491855758,282.2621800810607,2777.1763089170527,1111.5034212214782,2505.8549150038693,1160.141559828483,827.2371271248985,649.7642220823509,1503.8904696038887,1790.5865419346962,1078.784519565615,2077.757428968818,975.0053348247238,2856.706869610237,2699.7155644916456,3067.9798721220063,1766.6529531407034,1169.4711552041394,2133.1386821102383,541.7442858750214,2209.871383325914,1098.6622580049843,2680.389950800309,3038.2473990281187,1805.736375394519,399.44943310392,415.95248577883035,3123.640855852588,2914.3362684231615,1768.5379587392026,2965.842407364621,1443.800869326862,2908.66515487105,1565.973423953054,3037.076510123374,990.9488956724456,1969.613354105647,2425.253217952354,1692.857862295772,1781.522040088013,883.7856932485083,3136.5331535955193,2363.466264614754,2493.819637859813,395.62830821974285,2835.906215116906,2983.3634129256457,2888.6297548876632,232.32731123857366,3050.105369388419,2280.7883720770765,2303.2161748663843,2176.7598731170706,187.97117471455977,3131.144293083998,2429.697986336009,2792.6553710141784,2060.9404856973642,2336.7079826814174,1585.8737957528551,1658.2508343936088,953.6004911798359,2749.4409288660418,1652.3780695982502,2495.0152517222855,813.3272752947921,2010.1642720497298,3115.0927912022325,1110.210318964638,2651.424040374028,2157.5335714533153,2803.821541903731,177.70564759000672,2873.029641447388,3007.4314161229295,2081.5608470780858,1730.929454868842,1591.412685507738,2326.0593533037018,2440.97052475721,662.9507033851128,2677.3832979666126,864.8864160147793,2906.598646436463,2983.842980053649,2529.9099505326567,2670.445099085206,2970.224760239565,3108.968382685235,2491.9466659948625,2356.0362351764757,1835.3355174150158,2807.4843063235194,1014.3942273640564,1504.7653107520032,2394.691651549505,2517.2400782557525,694.2306975224301,2059.4806911564283,2529.0282982784743,1504.0486407403628,741.9758256819889,2116.521093262536,2791.685824537327,2750.3859074155052,343.5979893873118,1149.1491493233993,2596.844632107887,897.908549985837,1022.2898616585057,1047.3364688272254,2648.8659108942866,321.7834031344546,195.716039898477,1198.8504950841402,2833.8660432358784,2422.0962756723634,2229.8847529724962,1672.9260806836746,2903.8112442028214,2376.0598790973804,1102.661700799137,3120.0379413481596,2657.03932775268,2018.9647632133867,1363.691707292261,1677.8912556305968,2363.2365914154275,652.1750633689735,2551.92606600109,2225.2413212604165,299.47604042549756,654.1147564415519,1538.7814183165585,2432.217459900665,1822.8141084126441,2739.133526955997,379.07090075386486,3130.0794805471883,1504.5364387933892,2750.6454368872646,2987.856706734139,827.5889524787635,2740.454627747952,2622.9791779541274,2506.6052592345977,2797.0988329960633,1994.9459033533249,2663.1115698520357,2867.210631724722,1865.0024577410754,2335.4354568800045,1690.3173112657275,2060.159170891424,2198.4442129637896,244.03062103819047,1246.5304196760871,3064.149045824749,3046.0904100011485,862.7384267449465,3135.3444612615976,3083.7741914891276,1110.7123234320936,1140.0785362693762,1574.271690878498,1077.8730001402112,2189.1124833534654,1006.7257377199871,826.4218604446914,1933.7435784832605,2737.079268823477,2486.9416625907957,2409.051645130559,724.926468014653,2037.5329958521313,1110.8282262318878,1484.5098228753952,2787.338024019486,983.7921925758546,1321.852731576398,911.9351014088152,2116.7483209659204,1443.9402826747532,675.5809732176983,3020.6424460188928,421.58186346649563,2289.794834441221,362.2686740041586,1111.1127030860684,2580.005760857682,2868.33225805902,2271.158116455477,1485.0827444066776,1012.3835336663824,2482.8582928801607,904.1395889268383
2014-07-13 00:00:00,3024.1534950039436,1911.9177792599044,1759.964643853468,2661.1422861406077,1999.4483097920872,320.9242530339525,2488.622655904365,980.45446497899,2445.2053379071685,903.46530315923,807.9674347718942,505.66944464369044,1402.4783009032597,1297.619640540001,839.5251226974863,1934.197724512626,838.4864593265002,2734.217701869061,2872.7085304859556,3073.655259925995,1450.830078628864,1117.099226645391,2020.1121688357186,480.47443526772236,2046.223115418808,932.8478577442902,2467.3190552433657,2905.906233630908,1550.5464627715671,385.8239546863722,396.7829384937397,3068.3259336923816,2958.132337423951,2090.5177163750327,2915.814560970309,1637.4091810480188,2819.6069335994507,1628.638397124384,3005.424327747497,801.0661202841666,2007.9488148827581,2217.3871019073545,1864.3731145012428,2142.0115641472685,1212.1140518116574,3102.1703382725327,2306.213865011836,2764.153363146065,181.16719950791185,2693.5136940537977,2839.4740207300556,2807.8429720238373,223.46860908314147,2931.78860839686,2214.4917782831335,2280.55990948107,2208.750390919482,195.32817134235438,3055.183627723584,2296.9013699315797,2842.9811371955298,1610.4507083125122,2406.0289840007504,1332.6008885594877,1564.2049892646821,1041.7774620221282,2580.3296820816377,1714.574607732082,2595.7662874542543,762.551569484076,2068.0279845499035,3076.3914738242975,942.8797815068856,2482.5527708986574,1889.3343010188346,2574.4055180667674,204.33699807928815,2940.218286186834,2889.3288310980765,1875.012355327425,1534.406737344597,1321.1544835369255,2418.0399302141172,2117.9642509834184,1057.4475531780326,2832.1568277147453,1137.0312625508304,2839.4529176653637,2797.7436672798667,2622.6495610828147,2767.2659587087805,2997.8862486584208,3051.881456671539,2300.5348339408592,2435.7491073698084,1723.6967473749291,2431.657983404939,1120.3972834607478,1473.3231939441591,2481.876816844572,2287.6458896106283,671.8174361982292,1936.6746498317755,2512.770323111688,1325.4711639403813,687.9216628141071,2443.1894736486897,2700.2535355254818,2698.160805853164,307.2575476175184,969.9958337310622,2656.1783272141042,842.1192179574355,963.7951595292097,1115.7425511742033,2678.5034787142595,193.62909762825666,102.10987109898406,1488.297684647712,2826.61140279468,2457.150316090965,2081.321602543815,1682.291692467456,2531.412826188912,1984.0082513775385,1291.555409022215,3074.327286280165,2555.0908797795996,2040.963335375911,975.8920093760476,1495.4050612367878,2371.324805788352,699.1638360563479,2652.965015261887,2491.5308074749223,188.56210260452963,874.2940062541534,1007.9140393456239,2303.3534749554033,1241.8448380682576,2685.0856580591762,709.7762582711582,3098.255330105893,1379.3766523233169,2835.1699673632384,2920.5716688984694,719.467671453757,2697.956722911882,2575.0398331422116,2463.6227627257595,2640.6339808807197,1585.0503852320762,2760.0807762796603,2928.9991200978375,1726.0054451058318,1970.718591252191,1695.0417430186774,1774.2802798917442,2416.1457408012575,205.48317928633378,1570.2510528495177,3012.858591407211,2981.954771529351,1187.4139677848693,3102.1142197090526,3073.45071552361,1306.5963225196324,861.6511791202342,1024.7350355793528,1459.3159786826598,1828.914088646275,925.1586420706581,804.1478250896016,1769.0435936107433,2713.5166646331527,2287.6898156411053,2314.567435810432,453.3009942034023,1810.5485169002957,854.8859850276247,1110.6966342637402,2752.2442677359845,1059.6127186408066,1182.2068974798249,605.5985684939487,2199.817058232236,1568.5811005829744,644.4556141023736,2965.6943678555017,232.84726193044662,2254.315193032192,268.28869667343406,836.6753391501763,2357.184695896303,2810.914133983122,2066.4094711042494,1509.597444842268,887.9331348045055,2452.1543690780177,1124.1944842081932
